-5.364008, -5.850334
-4.978757, -5.390419
-4.978757, -5.390419
-4.937209, -5.328746
-4.849908, -5.203967
-4.752665, -5.073274
-4.652692, -4.94551
-4.56706, -4.838961
-4.460629, -4.709148
-4.293371, -4.512587
-4.235754, -4.448337
-4.136275, -4.334738
-4.032182, -4.2163
-3.942857, -4.115877
-3.839502, -4.001208
-3.731939, -3.882302
-3.624717, -3.764962
-3.535684, -3.668233
-3.436772, -3.561465
-3.332471, -3.449551
-3.241143, -3.351984
-3.135501, -3.239575
-3.029216, -3.126916
-2.940962, -3.033695
-2.840592, -2.927864
-2.737886, -2.819857
-2.647826, -2.725463
-2.548639, -2.622033
-2.442163, -2.510924
-2.348415, -2.41328
-2.248277, -2.309206
-2.140807, -2.197667
-2.051863, -2.105622
-1.950849, -2.001293
-1.844382, -1.891207
-1.750922, -1.794765
-1.648145, -1.688839
-1.541158, -1.578668
-1.448689, -1.483568
-1.343896, -1.37598
-1.236297, -1.26558
-1.135195, -1.161942
-1.037956, -1.062348
-0.9338023, -0.9557289
-0.8334929, -0.8529651
-0.7374588, -0.7546588
-0.6324159, -0.6472258
-0.5281842, -0.5406196
-0.4374207, -0.4478731
-0.3333089, -0.3413839
-0.2301982, -0.2357982
-0.1369705, -0.1403371
-0.02788723, -0.02862923
0.07428201, 0.07680536
0.1660981, 0.1746075
0.2662197, 0.2867242
0.3618793, 0.3999416
0.446194, 0.5051044
0.5325322, 0.618578
0.6206774, 0.7410739
0.6952195, 0.8505454
0.7733356, 0.971665
0.8530527, 1.102901
0.9181653, 1.216762
0.9900122, 1.350088
1.057771, 1.484558
1.116844, 1.610011
1.176133, 1.744709
1.233034, 1.884064
1.279612, 2.007385
1.327215, 2.14349
1.374026, 2.289895
1.411205, 2.417927
1.448667, 2.560079
1.483422, 2.707891
1.509062, 2.83156
1.536552, 2.982565
1.559871, 3.134655
1.576376, 3.265782
1.590957, 3.410209
1.603272, 3.580634
1.609439, 3.724012
1.611819, 3.856531
1.610662, 4.007624
1.605433, 4.155483
1.596833, 4.295618
1.583887, 4.443234
1.566734, 4.592335
1.548531, 4.721272
1.524714, 4.864244
1.496566, 5.00924
1.468702, 5.135404
1.43221, 5.282832
1.392134, 5.427381
1.351553, 5.560051
1.30384, 5.702693
1.249714, 5.850655
1.201086, 5.97333
1.142534, 6.110647
1.078126, 6.250978
1.020812, 6.367455
0.9531269, 6.496991
0.8780334, 6.631565
0.8079471, 6.749503
0.7319489, 6.870379
0.6531503, 6.989071
0.6434966, 7.0032
0.6434966, 7.0032
0.6434968, 7.0032
0.6434968, 7.0032
0.6434966, 7.003201
0.6434967, 7.003201
0.6434967, 7.003201
0.6434967, 7.003201
0.6434968, 7.003201
0.6434967, 7.003201
0.6434967, 7.003201
0.6434967, 7.003199
0.6434968, 7.003201
0.6434966, 7.003199
0.6434966, 7.003201
0.6434965, 7.003201
0.6434968, 7.0032
0.6434968, 7.003201
0.6444454, 7.001843
0.6901721, 6.9344
0.7725546, 6.807816
0.8516821, 6.678401
0.9173462, 6.564391
0.9884019, 6.43354
1.054814, 6.302879
1.111418, 6.184118
1.170501, 6.051762
1.227945, 5.913128
1.275419, 5.789591
1.325076, 5.649897
1.371531, 5.506894
1.409636, 5.378004
1.448837, 5.231853
1.483719, 5.085816
1.510294, 4.959764
1.537242, 4.814201
1.562805, 4.649745
1.581271, 4.502584
1.594499, 4.369145
1.6052, 4.221372
1.60776, 4.17506
1.618997, 4.135836
1.658293, 3.992091
1.693782, 3.847199
1.723469, 3.710485
1.750892, 3.566382
1.77519, 3.416435
1.793198, 3.283172
1.809564, 3.133302
1.821733, 2.984051
1.829441, 2.842608
1.833456, 2.705302
1.833918, 2.545281
1.830464, 2.409051
1.823145, 2.263285
1.810612, 2.103377
1.795252, 1.95913
1.777228, 1.822888
1.753316, 1.672812
1.724869, 1.521303
1.698464, 1.398293
1.66117, 1.24378
1.624504, 1.108392
1.585058, 0.9760619
1.537265, 0.8299742
1.485946, 0.6866696
1.437646, 0.5622094
1.37939, 0.4227416
1.316928, 0.2841372
1.257597, 0.1612992
1.18997, 0.0299717
1.116573, -0.1035692
1.049257, -0.2185803
0.9751313, -0.3384391
0.8903463, -0.4677387
0.8183388, -0.5714772
0.7256379, -0.698162
0.6372923, -0.8122322
0.5464819, -0.9232203
0.4518994, -1.032791
0.3404018, -1.154923
0.2357066, -1.26309
0.1426205, -1.354498
0.0279102, -1.461416
-0.08322833, -1.559371
-0.1863097, -1.645619
-0.3020999, -1.7376
-0.4211255, -1.827003
-0.5282634, -1.90326
-0.648021, -1.984049
-0.7798203, -2.06786
-0.8914322, -2.134739
-1.024256, -2.209833
-1.160395, -2.281846
-1.27852, -2.340424
-1.413551, -2.403208
-1.542387, -2.458987
-1.676046, -2.512799
-1.813699, -2.564039
-1.955588, -2.61256
-2.080067, -2.651526
-2.214972, -2.690204
-2.373148, -2.73094
-2.502539, -2.760504
-2.648129, -2.789947
-2.792534, -2.815098
-2.924312, -2.834507
-3.073161, -2.85259
-3.219576, -2.866373
-3.354598, -2.875511
-3.502934, -2.881798
-3.652826, -2.884081
-3.789272, -2.882511
-3.939505, -2.876942
-4.095733, -2.866785
-4.239899, -2.853398
-4.377426, -2.83707
-4.525557, -2.815511
-4.674523, -2.789637
-4.816362, -2.761044
-4.968174, -2.726137
-5.109652, -2.689482
-5.236425, -2.65312
-5.37818, -2.608593
-5.519823, -2.559844
-5.648588, -2.511694
-5.784635, -2.456764
-5.918887, -2.398366
-6.046532, -2.338776
-6.181004, -2.271652
-6.310627, -2.202522
-6.429275, -2.135181
-6.556488, -2.058587
-6.681791, -1.978488
-6.793706, -1.902724
-6.913024, -1.817444
-6.9987, -1.75335
-7.001411, -1.751286
-7.001411, -1.751286
-7.001411, -1.751286
-7.00141, -1.751286
-7.001411, -1.751286
-7.001411, -1.751287
-7.001411, -1.751286
-7.001411, -1.751286
-7.001412, -1.751287
-7.001412, -1.751286
-7.001411, -1.751286
-7.00141, -1.751286
-7.001412, -1.751286
-7.001411, -1.751286
-7.001411, -1.751287
-7.001411, -1.751286
-7.001412, -1.751287
-7.00141, -1.751286
-6.986026, -1.762982
-6.897182, -1.829371
-6.765435, -1.9232
-6.638153, -2.008378
-6.520695, -2.08247
-6.393348, -2.158316
-6.258416, -2.233664
-6.137469, -2.296929
-6.007077, -2.36107
-5.85861, -2.429057
-5.736153, -2.481026
-5.594938, -2.536789
-5.43602, -2.594262
-5.299563, -2.639189
-5.167713, -2.678906
-5.019694, -2.719197
-4.876297, -2.754033
-4.740396, -2.783373
-4.593658, -2.810985
-4.440461, -2.835443
-4.306497, -2.853184
-4.156745, -2.869094
-4.010662, -2.880529
-3.880613, -2.887416
-3.723626, -2.891599
-3.578924, -2.891349
-3.446361, -2.887778
-3.296242, -2.879853
-3.154179, -2.868437
-3.01663, -2.853848
-2.867932, -2.834091
-2.723499, -2.810827
-2.587413, -2.785119
-2.436928, -2.752383
-2.390843, -2.741523
-2.390843, -2.741523
-2.336456, -2.702294
-2.214487, -2.610477
-2.104102, -2.522548
-1.994728, -2.430734
-1.879984, -2.329032
-1.780923, -2.236353
-1.677355, -2.13454
-1.570391, -2.02348
-1.475706, -1.919677
-1.383379, -1.81329
-1.281987, -1.689889
-1.198041, -1.581703
-1.115203, -1.469999
-1.027323, -1.350777
-0.9458049, -1.24101
-0.8549849, -1.119706
-0.7647373, -0.9996802
-0.6819123, -0.8900751
-0.5935788, -0.7737771
-0.4986525, -0.64894
-0.418719, -0.5443531
-0.3314283, -0.4305678
-0.2319952, -0.3013752
-0.1384408, -0.179921
-0.05350566, -0.06958567
0.03661377, 0.04869378
0.1335966, 0.1823537
0.2145742, 0.3009161
0.2901632, 0.4180106
0.3762139, 0.5596253
0.4459423, 0.6821387
0.515138, 0.8114632
0.5859261, 0.953213
0.6468819, 1.084347
0.710411, 1.230879
0.7682999, 1.375683
0.8196846, 1.515522
0.8647072, 1.649142
0.9068668, 1.785574
0.9486942, 1.934929
0.9805248, 2.06186
1.012311, 2.203269
1.045173, 2.371821
1.069774, 2.521707
1.087254, 2.648037
1.104201, 2.799452
1.11755, 2.95946
1.125217, 3.09651
1.129788, 3.247066
1.130173, 3.416297
1.126645, 3.548548
1.119097, 3.695039
1.106198, 3.857179
1.091658, 3.991403
1.072369, 4.135925
1.045518, 4.300942
1.01631, 4.45226
0.9879806, 4.580904
0.9537573, 4.719865
0.9127327, 4.86892
0.8715622, 5.004588
0.8225033, 5.15201
0.7706161, 5.293929
0.7223856, 5.415864
0.6660572, 5.54853
0.6025721, 5.68742
0.5352077, 5.824849
0.4665519, 5.956129
0.3904518, 6.092115
0.322891, 6.205432
0.2388612, 6.338443
0.1440594, 6.479077
0.05244283, 6.606507
-0.02588733, 6.709615
-0.1190359, 6.826004
-0.21488, 6.939373
-0.273209, 7.005738
-0.2739925, 7.006612
-0.2739923, 7.006613
-0.2739919, 7.006613
-0.2739918, 7.006613
-0.2739928, 7.006614
-0.2739926, 7.006613
-0.2739924, 7.006612
-0.2739924, 7.006613
-0.2739929, 7.006613
-0.2739923, 7.006613
-0.2739926, 7.006612
-0.2739925, 7.006615
-0.2739925, 7.006613
-0.2739924, 7.006614
-0.2739925, 7.006613
-0.2739923, 7.006613
-0.2739921, 7.006613
-0.2739922, 7.006614
-0.2576361, 6.988295
-0.1649392, 6.881906
-0.08629977, 6.787158
0.007422114, 6.66842
0.1034868, 6.539296
0.1790727, 6.431664
0.2612304, 6.308324
0.3405293, 6.181944
0.4100463, 6.064322
0.4816166, 5.93587
0.552034, 5.800965
0.6115519, 5.679164
0.6720259, 5.547102
0.733744, 5.40185
0.7863647, 5.267628
0.8370883, 5.127573
0.887693, 4.974504
0.9312127, 4.829356
0.9651958, 4.704471
1.004092, 4.544427
1.036741, 4.390422
1.061362, 4.256591
1.084388, 4.110357
1.103775, 3.960793
1.117549, 3.827601
1.128977, 3.680403
1.136556, 3.530038
1.13987, 3.396043
1.139688, 3.249793
1.135546, 3.103149
1.128291, 2.968215
1.115855, 2.813095
1.099165, 2.659654
1.079248, 2.514185
1.054663, 2.36483
1.0265, 2.218689
0.9981892, 2.09004
0.9627522, 1.946293
0.9222931, 1.799506
0.8847234, 1.675957
0.8368617, 1.531685
0.7843037, 1.387054
0.7346257, 1.261003
0.6763227, 1.123609
0.6114381, 0.981775
0.5503482, 0.8574101
0.4816419, 0.726267
0.4015809, 0.5834954
0.3249315, 0.4556901
0.2522127, 0.3413368
0.1668391, 0.2147377
0.07733215, 0.08995356
0.02375204, 0.01860597
0.01783159, 0.006631694
-0.03188574, -0.1024932
-0.09185994, -0.2267157
-0.1628843, -0.3644419
-0.2396224, -0.5033692
-0.3105932, -0.6239387
-0.3866636, -0.7458954
-0.4707076, -0.8729423
-0.5483954, -0.9838093
-0.637486, -1.104339
-0.7392102, -1.234123
-0.8320995, -1.345885
-0.9177248, -1.44388
-1.020663, -1.555704
-1.126952, -1.664858
-1.228319, -1.763546
-1.340813, -1.867362
-1.4525, -1.964869
-1.558004, -2.052288
-1.678296, -2.146696
-1.803135, -2.239168
-1.913911, -2.316748
-2.040047, -2.400334
-2.176392, -2.48534
-2.288374, -2.550942
-2.414422, -2.620668
-2.547179, -2.689554
-2.664747, -2.746714
-2.79487, -2.806097
-2.934208, -2.865195
-3.057924, -2.913926
-3.196913, -2.964629
-3.347648, -3.015033
-3.46856, -3.051893
-3.611008, -3.091498
-3.762353, -3.129064
-3.900055, -3.159288
-4.047677, -3.187688
-4.198695, -3.212413
-4.34145, -3.231822
-4.487772, -3.247782
-4.646411, -3.260678
-4.788991, -3.26826
-4.931214, -3.272178
-5.088378, -3.272237
-5.234824, -3.268203
-5.372895, -3.260806
-5.527991, -3.248377
-5.676059, -3.232305
-5.809994, -3.214286
-5.958263, -3.190403
-6.108702, -3.161865
-6.249397, -3.131269
-6.396125, -3.09522
-6.542191, -3.055027
-6.667835, -3.016878
-6.806442, -2.971003
-6.947462, -2.920093
-7.00435, -2.898427
-7.004352, -2.898427
-7.004353, -2.898427
-7.004353, -2.898427
-7.004352, -2.898427
-7.004353, -2.898427
-7.004352, -2.898426
-7.004353, -2.898427
-7.004353, -2.898427
-7.004351, -2.898427
-7.004353, -2.898427
-7.004352, -2.898427
-7.004353, -2.898427
-7.004354, -2.898427
-7.004353, -2.898427
-7.004354, -2.898426
-7.004352, -2.898427
-7.004353, -2.898427
-7.004352, -2.898428
-6.965798, -2.913211
-6.811557, -2.969996
-6.674074, -3.016044
-6.544508, -3.055858
-6.391167, -3.098502
-6.245882, -3.134498
-6.116294, -3.163101
-5.968289, -3.191775
-5.822516, -3.215919
-5.691304, -3.23424
-5.542883, -3.251112
-5.397115, -3.263678
-5.262952, -3.271805
-5.111023, -3.277079
-4.957974, -3.278131
-4.821686, -3.275437
-4.669583, -3.268454
-4.516049, -3.257153
-4.381861, -3.243623
-4.235013, -3.225063
-4.082358, -3.201513
-3.949174, -3.177301
-3.803371, -3.146916
-3.652753, -3.111169
-3.521445, -3.076205
-3.38064, -3.03491
-3.240139, -2.989596
-3.110642, -2.943992
-2.970278, -2.890455
-2.81759, -2.827148
-2.680521, -2.76561
-2.556811, -2.706158
-2.420249, -2.636
-2.286245, -2.562359
-2.16815, -2.493336
-2.039998, -2.413857
-1.913585, -2.330574
-1.804952, -2.254835
-1.685143, -2.166742
-1.569531, -2.076843
-1.469557, -1.994966
-1.35519, -1.896397
-1.243749, -1.794896
-1.153646, -1.708512
-1.045938, -1.599947
-0.9414802, -1.488739
-0.8532442, -1.38958
-0.7584034, -1.277486
-0.6568914, -1.150668
-0.576633, -1.044414
-0.4871357, -0.9194865
-0.4003398, -0.7908903
-0.3294871, -0.6792656
-0.2532437, -0.5522448
-0.1761515, -0.4152146
-0.107877, -0.2854562
-0.04698813, -0.1620822
0.01760489, -0.02192749
0.07746048, 0.118166
0.1288414, 0.2478973
0.1803353, 0.3885539
0.2280534, 0.5310739
0.2676228, 0.6604347
0.3080013, 0.805832
0.3441696, 0.9516988
0.3725465, 1.080748
0.4014649, 1.230813
0.4258516, 1.379793
0.44382, 1.512601
0.4569891, 1.629687
0.4577624, 1.637469
0.4542575, 1.650054
0.4173205, 1.773309
0.3704422, 1.915616
0.3261286, 2.039098
0.2721065, 2.178418
0.2114433, 2.322858
0.1546354, 2.448388
0.08949494, 2.582975
0.01796121, 2.721024
-0.0444932, 2.834035
-0.1226064, 2.967597
-0.2080667, 3.104901
-0.2772748, 3.209332
-0.3599241, 3.327677
-0.4523233, 3.452651
-0.5366473, 3.560374
-0.6275097, 3.670733
-0.7267619, 3.784915
-0.8221573, 3.888776
-0.9243941, 3.99457
-1.038958, 4.106713
-1.148, 4.207561
-1.244125, 4.292108
-1.36005, 4.38891
-1.479298, 4.482985
-1.590968, 4.56642
-1.717531, 4.655777
-1.843668, 4.739683
-1.956661, 4.81071
-2.085657, 4.887218
-2.218466, 4.961104
-2.341296, 5.025239
-2.479438, 5.092768
-2.624119, 5.158524
-2.755701, 5.213933
-2.894358, 5.268044
-3.050328, 5.323874
-3.192149, 5.370081
-3.320453, 5.408302
-3.468812, 5.448229
-3.616068, 5.483508
-3.748836, 5.511703
-3.89859, 5.539426
-4.043441, 5.562128
-4.179338, 5.579887
-4.334531, 5.595979
-4.483979, 5.607262
-4.619138, 5.613975
-4.774068, 5.617568
-4.919287, 5.616889
-5.063027, 5.612486
-5.221205, 5.603337
-5.366713, 5.590775
-5.497661, 5.576192
-5.651781, 5.554931
-5.800854, 5.530101
-5.932707, 5.5046
-6.079926, 5.472172
-6.230157, 5.434817
-6.357546, 5.399644
-6.511779, 5.352506
-6.6571, 5.303357
-6.798021, 5.251322
-6.94724, 5.191603
-7.003429, 5.167895
-7.003427, 5.167894
-7.003428, 5.167894
-7.003428, 5.167895
-7.003428, 5.167895
-7.003427, 5.167894
-7.003428, 5.167894
-7.003428, 5.167894
-7.003427, 5.167895
-7.003427, 5.167895
-7.003428, 5.167894
-7.003427, 5.167894
-7.003428, 5.167895
-7.003428, 5.167896
-7.003428, 5.167895
-7.003428, 5.167896
-7.003426, 5.167893
-7.003428, 5.167895
-7.003428, 5.167895
-6.948484, 5.191477
-6.824821, 5.241995
-6.687484, 5.294065
-6.548049, 5.342677
-6.419829, 5.383685
-6.271515, 5.426877
-6.125103, 5.465126
-5.993727, 5.495815
-5.846276, 5.526256
-5.69825, 5.552602
-5.560026, 5.573406
-5.401525, 5.593028
-5.24448, 5.607946
-5.109037, 5.616975
-4.972761, 5.622848
-4.75483, 5.627078
-4.6448, 5.624187
-4.496981, 5.616917
-4.342116, 5.605067
-4.213781, 5.591764
-4.056553, 5.571537
-3.870748, 5.542154
-3.740445, 5.51709
-3.611186, 5.488988
-3.45716, 5.451246
-3.309652, 5.410583
-3.175683, 5.369786
-3.029121, 5.320832
-2.88487, 5.268112
-2.7575, 5.217655
-2.619621, 5.158799
-2.479045, 5.094213
-2.356563, 5.033808
-2.215074, 4.959418
-2.0786, 4.882511
-1.95927, 4.810809
-1.832199, 4.729892
-1.694338, 4.636488
-1.5726, 4.548664
-1.459901, 4.462781
-1.341316, 4.367271
-1.227215, 4.270062
-1.125071, 4.178238
-1.01514, 4.074115
-0.9074208, 3.966306
-0.815958, 3.869663
-0.7154774, 3.758009
-0.6160323, 3.641107
-0.5285038, 3.532343
-0.4385107, 3.414452
-0.3473527, 3.288002
-0.2761007, 3.18327
-0.1949774, 3.057538
-0.1166445, 2.928349
-0.0471892, 2.806574
0.02118568, 2.679121
0.08979945, 2.542278
0.1467303, 2.420849
0.2063462, 2.284563
0.2627938, 2.145114
0.309045, 2.021594
0.3582067, 1.878769
0.4043759, 1.730741
0.4162263, 1.690321
0.4351209, 1.656877
0.5064523, 1.526658
0.5696414, 1.403838
0.6319537, 1.274758
0.6943403, 1.13617
0.7501194, 1.002502
0.8050289, 0.8603993
0.8589904, 0.7080028
0.9045401, 0.5665559
0.9541161, 0.3969309
0.990623, 0.2562723
1.024492, 0.1093461
1.051004, -0.02145115
1.077125, -0.1694797
1.101182, -0.3322594
1.116363, -0.4590951
1.130168, -0.6036862
1.14138, -0.7687662
1.146909, -0.910493
1.148702, -1.05329
1.146225, -1.215413
1.139663, -1.363698
1.12968, -1.504955
1.114774, -1.658218
1.094911, -1.815817
1.073646, -1.953551
1.047759, -2.096908
1.01489, -2.25432
0.9844415, -2.38244
0.9459718, -2.527984
0.899354, -2.686116
0.8552161, -2.821425
0.8108056, -2.946897
0.756462, -3.088619
0.6986724, -3.227622
0.6408738, -3.356928
0.5740452, -3.496314
0.5057622, -3.629029
0.4416139, -3.74609
0.364326, -3.878872
0.2802105, -4.014454
0.2054309, -4.127898
0.1195648, -4.251237
0.02360092, -4.381209
-0.06387097, -4.49276
-0.1556923, -4.603922
-0.256954, -4.719948
-0.3561345, -4.82743
-0.4512967, -4.92543
-0.5632249, -5.034648
-0.6768482, -5.139412
-0.7807339, -5.230188
-0.9017839, -5.330493
-1.019423, -5.422536
-1.121102, -5.49804
-1.241163, -5.582688
-1.36476, -5.664976
-1.472617, -5.733038
-1.60426, -5.811335
-1.738298, -5.886024
-1.860341, -5.949875
-1.994302, -6.015572
-2.131132, -6.077994
-2.259086, -6.132298
-2.397498, -6.186886
-2.53845, -6.23809
-2.665137, -6.280405
-2.812934, -6.325551
-2.960894, -6.366212
-3.09625, -6.399519
-3.248491, -6.432744
-3.402295, -6.461802
-3.533777, -6.482948
-3.677573, -6.502447
-3.823683, -6.518259
-3.962506, -6.529591
-4.113249, -6.537971
-4.275786, -6.542453
-4.413783, -6.542338
-4.566718, -6.538259
-4.733563, -6.529043
-4.878461, -6.5168
-5.010942, -6.502186
-5.157966, -6.482133
-5.302622, -6.458395
-5.437007, -6.432745
-5.58647, -6.400126
-5.726381, -6.365565
-5.859984, -6.328919
-6.005352, -6.284896
-6.1493, -6.236854
-6.282312, -6.188495
-6.425848, -6.131893
-6.564231, -6.072846
-6.688757, -6.015742
-6.824268, -5.949339
-6.955255, -5.880598
-7.00891, -5.851321
-7.008909, -5.85132
-7.008908, -5.851322
-7.008909, -5.851321
-7.00891, -5.851321
-7.008909, -5.851322
-7.00891, -5.851321
-7.008909, -5.851321
-7.008909, -5.851321
-7.00891, -5.851321
-7.008909, -5.851321
-7.00891, -5.851322
-7.008909, -5.851321
-7.00891, -5.851321
-7.008912, -5.851322
-7.008912, -5.851323
-7.008911, -5.85132
-7.00891, -5.851321
-7.00891, -5.851321
-6.945307, -5.88631
-6.806541, -5.959671
-6.668445, -6.027658
-6.537283, -6.087756
-6.403849, -6.144808
-6.25983, -6.201726
-6.121533, -6.251994
-5.995838, -6.294109
-5.848655, -6.339164
-5.70386, -6.379105
-5.572639, -6.411653
-5.425314, -6.444154
-5.279988, -6.472038
-5.14455, -6.494364
-4.991721, -6.515419
-4.842832, -6.531724
-4.710261, -6.54272
-4.55188, -6.551697
-4.397987, -6.555896
-4.255011, -6.555891
-4.100934, -6.551748
-3.943154, -6.542941
-3.804239, -6.531243
-3.665452, -6.516001
-3.511214, -6.49481
-3.380211, -6.472924
-3.281422, -6.454286
-3.278674, -6.453734
-3.260461, -6.441985
-3.15409, -6.370326
-3.02203, -6.275935
-2.910034, -6.190926
-2.798746, -6.101965
-2.681147, -6.002668
-2.580338, -5.912759
-2.471321, -5.810409
-2.360888, -5.70091
-2.270527, -5.606319
-2.171896, -5.497866
-2.069819, -5.379289
-1.98342, -5.273181
-1.895112, -5.159057
-1.80483, -5.035579
-1.726529, -4.922155
-1.649172, -4.803925
-1.568336, -4.672789
-1.500123, -4.555144
-1.428355, -4.423796
-1.35841, -4.287058
-1.300334, -4.16546
-1.240999, -4.032915
-1.182972, -3.893309
-1.133782, -3.765405
-1.084151, -3.625946
-1.038266, -3.485068
-1.002692, -3.365579
-0.9620948, -3.215597
-0.9262711, -3.067045
-0.8970858, -2.936629
-0.8627165, -2.787988
-0.8260147, -2.635975
-0.793681, -2.507468
-0.75654, -2.364546
-0.7163986, -2.214509
-0.6813326, -2.088408
-0.6402988, -1.945123
-0.5967931, -1.796536
-0.5583032, -1.669119
-0.5150154, -1.529319
-0.4682185, -1.380718
-0.4272285, -1.253432
-0.3792394, -1.106234
-0.3297044, -0.9573945
-0.2827791, -0.8178177
-0.2376477, -0.6849473
-0.1878834, -0.5402111
-0.1406766, -0.4036669
-0.09628408, -0.2761441
-0.04545592, -0.1299684
0.005201026, 0.01552648
0.04777349, 0.1452713
0.09112193, 0.2897784
0.1303679, 0.4351503
0.1616027, 0.5641255
0.1933172, 0.7111959
0.2211055, 0.8600675
0.242855, 0.9964821
0.2629575, 1.148137
0.2791286, 1.303214
0.2896942, 1.440872
0.2973222, 1.591606
0.3009691, 1.751262
0.300291, 1.885218
0.295981, 2.029067
0.2870433, 2.18564
0.2741656, 2.336331
0.2589095, 2.472413
0.2373849, 2.627344
0.2114414, 2.781678
0.1843323, 2.919879
0.1507906, 3.069499
0.1127888, 3.219355
0.07545007, 3.351493
0.03270722, 3.489294
-0.01570571, 3.631749
-0.06213657, 3.757311
-0.1163201, 3.893461
-0.1763289, 4.03302
-0.2372045, 4.164505
-0.3015102, 4.294404
-0.3750199, 4.433176
-0.4472845, 4.560812
-0.5208313, 4.68314
-0.6063448, 4.816991
-0.6914852, 4.942208
-0.7720913, 5.054327
-0.8657143, 5.177485
-0.9578069, 5.291873
-1.045, 5.39469
-1.146859, 5.508657
-1.246725, 5.614362
-1.349668, 5.71787
-1.460223, 5.823071
-1.574008, 5.925417
-1.680895, 6.016458
-1.797829, 6.110899
-1.915912, 6.201019
-2.029901, 6.283326
-2.152652, 6.367201
-2.278827, 6.448424
-2.395377, 6.519134
-2.523565, 6.592508
-2.659063, 6.665202
-2.780874, 6.726379
-2.915996, 6.790019
-3.058401, 6.852261
-3.190023, 6.905517
-3.330107, 6.957993
-3.452857, 7.00058
-3.46134, 7.003419
-3.461341, 7.003422
-3.46134, 7.003419
-3.46134, 7.003421
-3.461341, 7.003421
-3.461341, 7.003421
-3.461341, 7.00342
-3.461339, 7.00342
-3.461341, 7.003421
-3.461342, 7.003421
-3.461341, 7.003422
-3.461341, 7.00342
-3.461341, 7.003422
-3.461341, 7.003421
-3.461341, 7.003422
-3.461341, 7.003422
-3.461341, 7.003421
-3.461342, 7.003423
-3.44871, 6.999165
-3.340069, 6.961122
-3.198354, 6.907727
-3.059632, 6.850983
-2.932048, 6.794852
-2.795141, 6.730216
-2.658462, 6.660937
-2.536648, 6.595005
-2.407651, 6.520775
-2.277903, 6.441247
-2.163286, 6.366724
-2.040405, 6.282167
-1.918909, 6.193498
-1.810759, 6.110055
-1.693401, 6.014455
-1.579458, 5.916173
-1.476961, 5.822806
-1.366423, 5.716289
-1.302795, 5.65209
-1.290912, 5.644227
-1.189214, 5.578123
-1.062083, 5.490953
-0.9519724, 5.411059
-0.8377786, 5.323744
-0.7174966, 5.226471
-0.609888, 5.13448
-0.4971881, 5.032898
-0.3810647, 4.922154
-0.2803244, 4.820462
-0.1783252, 4.711952
-0.07332569, 4.593839
0.02266361, 4.479457
0.1085256, 4.371633
0.2002349, 4.250013
0.2902807, 4.123363
0.3681074, 4.007432
0.4477106, 3.881917
0.5273534, 3.748268
0.5965262, 3.624562
0.6660497, 3.492294
0.7352756, 3.35121
0.793936, 3.222764
0.8502392, 3.090622
0.9099613, 2.938962
0.962501, 2.793122
1.005257, 2.664034
1.048976, 2.519307
1.089405, 2.370652
1.12273, 2.233505
1.155985, 2.078857
1.185104, 1.921361
1.206984, 1.781027
1.226117, 1.633106
1.242428, 1.47103
1.253298, 1.318528
1.259494, 1.181969
1.262364, 1.029057
1.260902, 0.8728322
1.25572, 0.731665
1.246159, 0.580564
1.23197, 0.4250243
1.215083, 0.2833852
1.192784, 0.1310506
1.16445, -0.03029015
1.135068, -0.1733015
1.103552, -0.3088566
1.064283, -0.4595288
1.020843, -0.6085076
0.9773652, -0.7438612
0.927601, -0.8858246
0.8742985, -1.025587
0.8236392, -1.148666
0.7633021, -1.285257
0.6978572, -1.423156
0.6384538, -1.540223
0.5675393, -1.671704
0.4895076, -1.807158
0.4163289, -1.926573
0.3377424, -2.047673
0.2480793, -2.17794
0.1674786, -2.288493
0.0789126, -2.403626
-0.02247076, -2.528203
-0.1163977, -2.637102
-0.2190851, -2.749937
-0.3301676, -2.865348
-0.4336051, -2.966798
-0.5399866, -3.065882
-0.6587877, -3.170574
-0.778194, -3.269799
-0.89055, -3.358111
-1.014328, -3.450166
-1.143331, -3.540645
-1.249598, -3.611016
-1.376281, -3.690418
-1.514655, -3.771827
-1.640218, -3.840939
-1.770635, -3.908422
-1.914261, -3.977737
-2.047217, -4.037378
-2.18035, -4.093096
-2.330669, -4.151315
-2.472914, -4.201602
-2.602863, -4.243634
-2.748576, -4.286577
-2.905532, -4.328043
-3.032757, -4.357965
-3.1787, -4.38841
-3.335315, -4.416551
-3.472098, -4.437237
-3.619458, -4.455619
-3.785188, -4.471539
-3.935751, -4.481584
-4.069794, -4.487081
-4.222541, -4.489263
-4.371866, -4.487283
-4.506554, -4.482037
-4.659518, -4.472067
-4.805021, -4.45852
-4.939165, -4.442595
-5.088134, -4.420969
-5.234943, -4.395471
-5.365804, -4.369308
-5.515652, -4.33518
-5.662671, -4.297368
-5.788168, -4.261596
-5.936666, -4.215048
-6.081169, -4.165238
-6.202253, -4.119959
-6.346437, -4.061715
-6.48741, -4.00009
-6.61028, -3.942429
-6.747143, -3.873718
-6.884506, -3.79987
-6.986855, -3.74151
-7.005897, -3.730357
-7.005897, -3.730356
-7.005898, -3.730356
-7.005896, -3.730357
-7.005896, -3.730357
-7.005897, -3.730356
-7.005898, -3.730355
-7.005897, -3.730357
-7.005897, -3.730356
-7.005897, -3.730357
-7.005898, -3.730357
-7.005898, -3.730357
-7.005897, -3.730356
-7.005898, -3.730356
-7.005897, -3.730356
-7.005897, -3.730356
-7.005896, -3.730357
-7.005898, -3.730357
-6.979191, -3.746078
-6.857368, -3.815995
-6.727653, -3.886076
-6.607975, -3.946606
-6.476701, -4.008935
-6.338457, -4.070028
-6.212036, -4.121776
-6.07291, -4.174481
-5.92451, -4.225926
-5.796372, -4.266207
-5.722883, -4.287838
-5.722882, -4.287838
-5.684507, -4.28343
-5.549703, -4.265758
-5.398786, -4.241939
-5.265035, -4.217106
-5.122655, -4.186968
-4.964535, -4.148899
-4.829479, -4.112279
-4.691641, -4.071148
-4.548402, -4.024209
-4.422057, -3.979043
-4.281228, -3.924577
-4.128375, -3.860415
-3.99256, -3.798704
-3.8705, -3.739445
-3.736942, -3.670216
-3.609468, -3.59968
-3.492615, -3.531109
-3.36074, -3.448886
-3.228831, -3.361394
-3.120398, -3.285196
-2.998701, -3.194896
-2.875485, -3.098104
-2.77033, -3.010757
-2.660663, -2.91487
-2.547862, -2.810672
-2.447062, -2.712388
-2.346233, -2.608929
-2.244133, -2.498361
-2.155078, -2.39688
-2.058737, -2.285633
-1.954969, -2.166303
-1.861265, -2.059344
-1.762028, -1.94656
-1.653178, -1.823482
-1.551843, -1.709492
-1.456478, -1.602779
-1.353302, -1.487698
-1.252115, -1.375216
-1.161604, -1.274715
-1.06231, -1.164969
-0.9608983, -1.05304
-0.867316, -0.9498668
-0.7660781, -0.8383244
-0.6649899, -0.727392
-0.5693666, -0.6226234
-0.4672164, -0.5111381
-0.3676171, -0.402126
-0.2765042, -0.3026045
-0.1722086, -0.1885597
-0.0658126, -0.07217047
0.02682932, 0.02931103
0.1309939, 0.1417553
0.2446308, 0.2585957
0.3477339, 0.3586875
0.4547955, 0.4573084
0.5745872, 0.5617597
0.684408, 0.6522681
0.7932531, 0.7374831
0.9168757, 0.8290148
1.038825, 0.9141678
1.153824, 0.9901
1.288289, 1.073781
1.42197, 1.151792
1.541582, 1.217371
1.676654, 1.286932
1.811619, 1.351737
1.937101, 1.408006
2.075254, 1.465695
2.216499, 1.520146
2.3502, 1.567616
2.497033, 1.615432
2.647006, 1.659578
2.780203, 1.694869
2.926119, 1.729545
3.076021, 1.760793
3.212859, 1.785495
3.361049, 1.808329
3.513946, 1.827543
3.650982, 1.840973
3.800139, 1.851761
3.961537, 1.858864
4.110201, 1.861112
4.248495, 1.859673
4.404504, 1.853837
4.555, 1.844001
4.692538, 1.831534
4.845581, 1.813593
4.986774, 1.792972
5.122263, 1.769522
5.280913, 1.73773
5.431058, 1.703063
5.568203, 1.667379
5.719019, 1.623815
5.870937, 1.575183
6.003692, 1.528499
6.142817, 1.475516
6.289304, 1.414955
6.432623, 1.350815
6.562803, 1.288166
6.697649, 1.218776
6.833597, 1.143898
6.954676, 1.072865
7.002286, 1.044053
7.002285, 1.044051
7.002285, 1.044051
7.002286, 1.044053
7.002286, 1.044052
7.002286, 1.044053
7.002286, 1.044052
7.002286, 1.044052
7.002287, 1.044052
7.002285, 1.044052
7.002285, 1.044052
7.002285, 1.044052
7.002286, 1.044052
7.002286, 1.044052
7.002285, 1.044052
7.002285, 1.044052
7.002284, 1.044052
7.002285, 1.044052
7.000775, 1.045004
6.923615, 1.09185
6.785028, 1.171957
6.663351, 1.23774
6.534856, 1.303077
6.39414, 1.369856
6.267167, 1.425934
6.134082, 1.480657
5.981719, 1.53839
5.835546, 1.588935
5.699361, 1.631963
5.550008, 1.674692
5.401129, 1.712743
5.262792, 1.744126
5.11205, 1.774132
4.95877, 1.800104
4.819491, 1.819733
4.669924, 1.836824
4.510231, 1.850517
4.370319, 1.858495
4.22006, 1.863124
4.063103, 1.863532
3.918553, 1.859729
3.774564, 1.852146
3.617842, 1.839424
3.463664, 1.822181
3.377035, 1.810494
3.37554, 1.810275
3.292602, 1.76959
3.164601, 1.709797
3.027864, 1.650101
2.880654, 1.587009
2.759119, 1.53304
2.62542, 1.471834
2.480798, 1.403625
2.352933, 1.341356
2.214672, 1.272208
2.066633, 1.196325
1.931201, 1.125286
1.804231, 1.057367
1.668647, 0.9833348
1.533593, 0.9084012
1.411086, 0.8394479
1.276944, 0.7628319
1.138228, 0.6826015
1.015857, 0.6111147
0.883705, 0.5331925
0.7477947, 0.4525613
0.6266683, 0.3800585
0.4975607, 0.3024412
0.3623526, 0.2207171
0.2426618, 0.1480793
0.1175539, 0.07188804
-0.0235832, -0.01423646
-0.1538968, -0.09082521
-0.268864, -0.1544535
-0.4061854, -0.2258108
-0.5395474, -0.2904749
-0.6651617, -0.3473353
-0.8126438, -0.4094352
-0.9548447, -0.4646278
-1.084694, -0.510991
-1.229442, -0.5585387
-1.369983, -0.6004643
-1.492604, -0.6336656
-1.638159, -0.6692051
-1.79229, -0.702337
-1.934479, -0.7287748
-2.084864, -0.7526018
-2.245975, -0.7734949
-2.387061, -0.7877035
-2.534451, -0.7986585
-2.697753, -0.8062606
-2.847151, -0.808826
-2.995102, -0.8074238
-3.152278, -0.8015801
-3.310452, -0.7911204
-3.452208, -0.7777584
-3.609058, -0.7587369
-3.766615, -0.7350605
-3.901268, -0.7109036
-4.053225, -0.6795877
-4.217029, -0.6408061
-4.368948, -0.6000085
-4.499627, -0.5611288
-4.641686, -0.5148058
-4.784922, -0.4637503
-4.905189, -0.4173085
-5.039989, -0.3614095
-5.175431, -0.300939
-5.30084, -0.2408921
-5.439493, -0.1699638
-5.581656, -0.09217927
-5.702114, -0.02191294
-5.823684, 0.05327672
-5.945905, 0.1336161
-6.059441, 0.2126423
-6.185091, 0.3050502
-6.311097, 0.4033084
-6.415835, 0.4898454
-6.525771, 0.5852959
-6.63573, 0.6861795
-6.732693, 0.7799604
-6.838625, 0.8877475
-6.940203, 0.9969379
-7.007412, 1.072477
-7.012728, 1.078559
-7.012727, 1.078559
-7.012729, 1.078558
-7.012728, 1.078557
-7.012728, 1.078558
-7.012729, 1.078558
-7.01273, 1.078557
-7.012729, 1.078558
-7.012727, 1.078558
-7.012728, 1.078557
-7.012728, 1.078559
-7.012727, 1.078558
-7.012729, 1.078558
-7.012728, 1.078557
-7.012728, 1.078558
-7.012727, 1.078559
-7.012729, 1.078557
-7.012729, 1.078557
-6.979414, 1.0407
-6.880262, 0.9309116
-6.772017, 0.8173375
-6.67911, 0.7250832
-6.571838, 0.6236988
-6.456485, 0.5203924
-6.35058, 0.4308546
-6.226835, 0.3317016
-6.091102, 0.2294097
-5.967586, 0.1419145
-5.851908, 0.06456015
-5.71589, -0.0212205
-5.575507, -0.1040482
-5.444754, -0.1761925
-5.304348, -0.2486348
-5.150712, -0.3222144
-5.004737, -0.3867416
-4.872235, -0.4410181
-4.729768, -0.4949113
-4.58427, -0.5453923
-4.459599, -0.5849682
-4.31542, -0.6268021
-4.172285, -0.6641344
-4.044358, -0.6939769
-3.895999, -0.7246366
-3.745518, -0.7513968
-3.609217, -0.7718467
-3.447184, -0.79184
-3.295175, -0.8060775
-3.160322, -0.8150252
-3.013181, -0.8210733
-2.863879, -0.8231147
-2.732296, -0.8214881
-2.586955, -0.8160617
-2.441023, -0.8066599
-2.300153, -0.7938347
-2.1437, -0.7753522
-1.997831, -0.7539108
-1.868755, -0.7315537
-1.716208, -0.700959
-1.564725, -0.6660854
-1.434605, -0.6324213
-1.294363, -0.5923104
-1.15057, -0.5468422
-1.028743, -0.5048121
-0.8859505, -0.4513399
-0.7500067, -0.3960289
-0.6249067, -0.3411963
-0.4919532, -0.2785541
-0.3801695, -0.2222875
-0.373153, -0.2186604
-0.3096168, -0.1631661
-0.1925055, -0.06472076
-0.08572127, 0.02026274
0.0312828, 0.1086648
0.1542325, 0.1963924
0.275979, 0.2784368
0.4057253, 0.3608027
0.5388148, 0.440124
0.6607426, 0.508292
0.791775, 0.5772151
0.9397977, 0.6498103
1.077677, 0.712539
1.204931, 0.7664143
1.341676, 0.8202379
1.483502, 0.8715987
1.615044, 0.9153553
1.762748, 0.9602292
1.910838, 1.000649
2.046758, 1.033829
2.196318, 1.066257
2.347806, 1.094674
2.4855, 1.116597
2.633317, 1.136249
2.795391, 1.153153
2.94646, 1.164507
3.084544, 1.171232
3.235882, 1.174643
3.389349, 1.173832
3.529284, 1.169303
3.677473, 1.16065
3.831473, 1.147442
3.971168, 1.131531
4.11825, 1.110947
4.277696, 1.08405
4.424306, 1.054942
4.553884, 1.02573
4.700034, 0.9888331
4.841081, 0.9490882
4.97051, 0.9090709
5.114213, 0.8604621
5.254356, 0.8087009
5.38772, 0.7553692
5.539131, 0.6899058
5.67297, 0.6274134
5.792574, 0.5678345
5.929305, 0.4951512
6.057883, 0.4221397
6.177815, 0.3498772
6.308168, 0.2664723
6.435361, 0.1799342
6.544562, 0.1013608
6.666204, 0.008929751
6.782419, -0.08458944
6.889613, -0.1755433
6.99049, -0.265424
7.005678, -0.2792968
7.005678, -0.2792988
7.00568, -0.2792971
7.005679, -0.2792971
7.00568, -0.2792977
7.005681, -0.2792971
7.00568, -0.2792982
7.005679, -0.2792985
7.00568, -0.2792982
7.005679, -0.2792976
7.005679, -0.2792971
7.00568, -0.279298
7.005681, -0.2792973
7.00568, -0.2792978
7.005679, -0.2792982
7.005677, -0.2792968
7.005678, -0.2792971
7.005678, -0.2792975
6.984743, -0.2601284
6.882731, -0.1686186
6.775682, -0.07723887
6.653468, 0.02149008
6.547151, 0.1026647
6.427942, 0.189055
6.295726, 0.2794114
6.175059, 0.3569449
6.050035, 0.4328049
5.912711, 0.5109866
5.789926, 0.5764662
5.653815, 0.6445861
5.502385, 0.7149374
5.363228, 0.7747017
5.23162, 0.8271151
5.088417, 0.8797787
4.943535, 0.9285267
4.812551, 0.9686983
4.667089, 1.009226
4.519559, 1.045912
4.384543, 1.075812
4.237637, 1.104376
4.082637, 1.129957
3.930802, 1.15067
3.775625, 1.167444
3.62417, 1.179477
3.485234, 1.186731
3.339805, 1.190647
3.179742, 1.19046
3.028649, 1.185932
2.869121, 1.176728
2.701784, 1.162013
2.550286, 1.144218
2.418996, 1.125292
2.265679, 1.099074
2.10184, 1.066418
1.963219, 1.034574
1.816267, 0.9967151
1.660144, 0.9517254
1.534835, 0.9117699
1.395319, 0.8633236
1.248859, 0.8078445
1.127674, 0.7580752
0.992007, 0.6983908
0.8463615, 0.6293923
0.7163411, 0.5632435
0.5825754, 0.4906806
0.4447232, 0.4107189
0.3351836, 0.3430798
0.2087819, 0.2606678
0.07953554, 0.1711666
-0.0274305, 0.09264145
-0.1417976, 0.004206582
-0.2649377, -0.09653062
-0.3674555, -0.1853165
-0.4760438, -0.2841875
-0.5882754, -0.3921117
-0.6815625, -0.4870259
-0.7833451, -0.5957673
-0.8897, -0.7160336
-0.979856, -0.8242269
-1.070808, -0.9391747
-1.162383, -1.061748
-1.239756, -1.171433
-1.320353, -1.292073
-1.403798, -1.424877
-1.477719, -1.550497
-1.553373, -1.687486
-1.626288, -1.829598
-1.691944, -1.968079
-1.71256, -2.013486
-1.712559, -2.013487
-1.715423, -2.083918
-1.718539, -2.227569
-1.717711, -2.376035
-1.712579, -2.529848
-1.703963, -2.671715
-1.690578, -2.825131
-1.673366, -2.974325
-1.654364, -3.107795
-1.627983, -3.263722
-1.596442, -3.422275
-1.565979, -3.555635
-1.529996, -3.696716
-1.488883, -3.841758
-1.450389, -3.965015
-1.403841, -4.10223
-1.347394, -4.254602
-1.291154, -4.393774
-1.233274, -4.526826
-1.164621, -4.673236
-1.095477, -4.810426
-1.032267, -4.927807
-0.9534601, -5.065704
-0.8737788, -5.196217
-0.7994031, -5.311049
-0.7137288, -5.435995
-0.6212673, -5.563143
-0.5396863, -5.669138
-0.4446539, -5.786407
-0.347721, -5.899373
-0.2571314, -5.999697
-0.150662, -6.111492
-0.0361268, -6.225097
0.06498642, -6.319976
0.1801174, -6.422472
0.3005289, -6.523784
0.4094702, -6.61029
0.5287697, -6.700235
0.6558346, -6.790555
0.7791996, -6.8731
0.9066858, -6.95355
0.9873325, -7.002178
0.9873326, -7.002177
0.9873328, -7.002178
0.9873322, -7.002179
0.9873332, -7.002178
0.9873326, -7.002179
0.9873323, -7.00218
0.9873334, -7.002178
0.9873326, -7.002179
0.987333, -7.00218
0.9873325, -7.002178
0.9873322, -7.002178
0.9873316, -7.002177
0.9873322, -7.002179
0.9873316, -7.002179
0.9873332, -7.002179
0.9873324, -7.002181
0.9873309, -7.002177
0.9873318, -7.002177
0.9196525, -6.962414
0.7932235, -6.883411
0.6739952, -6.804455
0.5465899, -6.715052
0.4278649, -6.626587
0.3164127, -6.539046
0.201111, -6.443364
0.08610817, -6.342399
-0.01408366, -6.24965
-0.1261998, -6.140146
-0.2395313, -6.022881
-0.3334415, -5.92017
-0.4323156, -5.806098
-0.5322603, -5.68411
-0.6190033, -5.571966
-0.713187, -5.443274
-0.8011289, -5.315589
-0.8755358, -5.200836
-0.955506, -5.070449
-1.031519, -4.938538
-1.094362, -4.822287
-1.165145, -4.682852
-1.239594, -4.524789
-1.302743, -4.379337
-1.350062, -4.261973
-1.404614, -4.115947
-1.455137, -3.968208
-1.494356, -3.842593
-1.534405, -3.702276
-1.572291, -3.553958
-1.603823, -3.415312
-1.63272, -3.270799
-1.660064, -3.110841
-1.680306, -2.968226
-1.697684, -2.815908
-1.712234, -2.644403
-1.720867, -2.483637
-1.724592, -2.344863
-1.724533, -2.19107
-1.720109, -2.034459
-1.712291, -1.894443
-1.698529, -1.729525
-1.679699, -1.564031
-1.659209, -1.420801
-1.634921, -1.277747
-1.603716, -1.120498
-1.569136, -0.9695686
-1.530823, -0.8213259
-1.487918, -0.6724722
-1.442072, -0.5286512
-1.397162, -0.3999429
-1.346195, -0.2647593
-1.28719, -0.1202907
-1.232717, 0.003250612
-1.171279, 0.1338457
-1.100368, 0.274516
-1.034588, 0.3964122
-0.9618141, 0.5233809
-0.8819745, 0.6542428
-0.8062028, 0.7710577
-0.7219305, 0.8939906
-0.6253577, 1.02664
-0.5367261, 1.141139
-0.4386241, 1.261084
-0.3331307, 1.382825
-0.2305255, 1.494488
-0.137547, 1.590546
-0.02290721, 1.702829
0.09346825, 1.810332
0.1985508, 1.902115
0.3129998, 1.996898
0.4395866, 2.095907
0.5485797, 2.176384
0.6770256, 2.265973
0.8175078, 2.357955
0.9421211, 2.4344
1.07543, 2.511337
1.220285, 2.589598
1.354165, 2.656697
1.481318, 2.716045
1.62585, 2.778696
1.764863, 2.834113
1.892394, 2.880945
2.021948, 2.924615
2.044175, 2.931733
2.093943, 2.961877
2.228855, 3.040814
2.361615, 3.113638
2.486015, 3.177583
2.633197, 3.248224
2.767575, 3.308048
2.890635, 3.359112
3.032094, 3.413582
3.173871, 3.463747
3.302633, 3.505564
3.454441, 3.550481
3.602353, 3.589659
3.735675, 3.621246
3.884727, 3.65243
4.034128, 3.679399
4.167763, 3.699966
4.321617, 3.719561
4.47359, 3.734541
4.612205, 3.744478
4.766801, 3.751523
4.912644, 3.75404
5.05772, 3.752736
5.210473, 3.747244
5.36411, 3.737381
5.499953, 3.725015
5.650347, 3.707428
5.802365, 3.685313
5.937491, 3.661924
6.085241, 3.632444
6.236458, 3.597834
6.367467, 3.564111
6.513523, 3.522494
6.660844, 3.476087
6.788826, 3.431939
6.931801, 3.378446
7.027943, 3.340125
7.027943, 3.340125
7.027943, 3.340126
7.027944, 3.340126
7.027944, 3.340126
7.027943, 3.340126
7.027944, 3.340126
7.027945, 3.340125
7.027946, 3.340127
7.027944, 3.340126
7.027944, 3.340126
7.027944, 3.340126
7.027946, 3.340127
7.027944, 3.340127
7.027943, 3.340126
7.027945, 3.340126
7.027944, 3.340126
7.027943, 3.340126
7.025846, 3.340948
6.921397, 3.383212
6.801584, 3.428205
6.66057, 3.47723
6.503643, 3.526897
6.369447, 3.565213
6.225572, 3.602336
6.061115, 3.6397
5.908155, 3.669764
5.777665, 3.691792
5.625538, 3.713472
5.467506, 3.731395
5.33305, 3.742923
5.178459, 3.752127
5.015791, 3.75718
4.875322, 3.757548
4.726949, 3.754078
4.560755, 3.745562
4.417764, 3.734049
4.269327, 3.718113
4.105516, 3.695841
3.956272, 3.671081
3.822155, 3.645195
3.669199, 3.611421
3.517582, 3.573487
3.384777, 3.536358
3.237027, 3.490872
3.091442, 3.441429
2.95992, 3.392684
2.803591, 3.330153
2.65206, 3.26416
2.524206, 3.203926
2.395766, 3.139305
2.261183, 3.066974
2.134008, 2.993996
2.015762, 2.922012
1.88703, 2.838913
1.76307, 2.753872
1.651941, 2.673321
1.529382, 2.579386
1.412016, 2.484112
1.306604, 2.393857
1.190019, 2.288455
1.07437, 2.177905
0.9734737, 2.076178
0.8648606, 1.960484
0.7580325, 1.839483
0.6689154, 1.732487
0.5764884, 1.615504
0.4804616, 1.486717
0.4009019, 1.373528
0.3188466, 1.250292
0.2370942, 1.1199
0.1673039, 1.001391
0.0943846, 0.8700991
0.02127817, 0.7292982
-0.04077806, 0.6010565
-0.1020815, 0.4653952
-0.1662507, 0.3118125
-0.223933, 0.1613138
-0.269314, 0.03264314
-0.3156838, -0.1107653
-0.3599691, -0.2621907
-0.3967469, -0.4022191
-0.4316289, -0.5515809
-0.4624999, -0.7030303
-0.4872215, -0.8438402
-0.5093077, -0.9926684
-0.5280431, -1.149111
-0.5408206, -1.289147
-0.5506939, -1.440538
-0.5565057, -1.598389
-0.557723, -1.739204
-0.5549439, -1.894565
-0.5470973, -2.061571
-0.5352072, -2.21548
-0.520567, -2.355713
-0.5001081, -2.510802
-0.4752298, -2.664782
-0.4490383, -2.803111
-0.4157416, -2.955663
-0.3776835, -3.108763
-0.3384631, -3.249604
-0.2926025, -3.398219
-0.2418542, -3.546932
-0.1929005, -3.678236
-0.1328302, -3.82671
-0.06379708, -3.983325
-0.0004821885, -4.115263
0.05412048, -4.222116
0.05828757, -4.229995
0.07082327, -4.2408
0.16345, -4.318718
0.280773, -4.412807
0.4003048, -4.503301
0.5093718, -4.581545
0.6362296, -4.667619
0.7785625, -4.758385
0.9059117, -4.834363
1.036534, -4.907616
1.181066, -4.983374
1.315166, -5.04877
1.457596, -5.113571
1.608683, -5.176961
1.755849, -5.233701
1.885631, -5.279859
2.025305, -5.325594
2.163594, -5.366746
2.295401, -5.402387
2.446407, -5.438937
2.577424, -5.466723
2.732764, -5.495467
2.901326, -5.521533
3.056489, -5.540732
3.209951, -5.555476
3.361889, -5.56585
3.51885, -5.572081
3.662113, -5.573853
3.80631, -5.571895
3.955317, -5.565772
4.095965, -5.556203
4.250535, -5.541566
4.409982, -5.52188
4.548994, -5.500672
4.702676, -5.473055
4.863537, -5.439356
5.004658, -5.405491
5.152682, -5.365736
5.313689, -5.317414
5.460381, -5.268683
5.591836, -5.221104
5.73863, -5.163352
5.882759, -5.101772
6.01604, -5.040449
6.161838, -4.968379
6.306843, -4.891287
6.427422, -4.822735
6.545899, -4.751442
6.678704, -4.666606
6.796927, -4.586263
6.924118, -4.494768
7.003998, -4.434686
7.003998, -4.434687
7.004, -4.434687
7.003998, -4.434686
7.003997, -4.434686
7.004, -4.434686
7.003998, -4.434686
7.003998, -4.434686
7.003997, -4.434688
7.003997, -4.434686
7.003999, -4.434688
7.003997, -4.434687
7.003999, -4.434687
7.003998, -4.434687
7.003998, -4.434687
7.003998, -4.434688
7.003998, -4.434687
7.003997, -4.434686
7.000822, -4.437077
6.911836, -4.502878
6.77581, -4.598216
6.651906, -4.679717
6.51896, -4.762064
6.377232, -4.844296
6.241646, -4.917724
6.1087, -4.98504
5.963464, -5.053542
5.821377, -5.115686
5.696391, -5.166283
5.55435, -5.219676
5.405548, -5.270878
5.260533, -5.316126
5.115506, -5.357268
4.967757, -5.39475
4.821009, -5.427647
4.683228, -5.454769
4.523541, -5.481676
4.363168, -5.503746
4.225431, -5.518844
4.069646, -5.531814
3.902231, -5.540863
3.757991, -5.544455
3.61508, -5.544281
3.460196, -5.53996
3.336143, -5.533257
3.189696, -5.521724
3.036088, -5.505401
2.904415, -5.487978
2.747892, -5.462952
2.58986, -5.432853
2.431071, -5.397915
2.286739, -5.361826
2.135691, -5.319495
1.995809, -5.275972
1.850284, -5.226343
1.69973, -5.170151
1.554845, -5.111218
1.426812, -5.055089
1.28438, -4.987956
1.146422, -4.918019
1.023896, -4.851646
0.8989584, -4.779789
0.7690786, -4.700219
0.6467424, -4.620551
0.514191, -4.52894
0.3877424, -4.436086
0.2779084, -4.350502
0.1481222, -4.243654
0.0167174, -4.128358
-0.1004815, -4.018944
-0.2063737, -3.914235
-0.3133919, -3.80257
-0.4185642, -3.686284
-0.5168311, -3.571092
-0.6143514, -3.450297
-0.7135145, -3.319951
-0.7970925, -3.203176
-0.8739223, -3.089822
-0.9603827, -2.954444
-1.042191, -2.817805
-1.106891, -2.702877
-1.177782, -2.568935
-1.246443, -2.429817
-1.303464, -2.306037
-1.366492, -2.159371
-1.421679, -2.019768
-1.470293, -1.886427
-1.521308, -1.733409
-1.568393, -1.576006
-1.605231, -1.438022
-1.641004, -1.287136
-1.674302, -1.124957
-1.699207, -0.9807284
-1.714816, -0.8747865
-1.722234, -0.8531395
-1.773275, -0.7198248
-1.819232, -0.5901716
-1.864098, -0.4524255
-1.908589, -0.3017545
-1.945569, -0.1625747
-1.981437, -0.0116703
-2.013554, 0.1435498
-2.039557, 0.2899171
-2.061526, 0.4355583
-2.080239, 0.5884534
-2.094418, 0.7400686
-2.103917, 0.8810633
-2.110008, 1.030599
-2.111965, 1.185479
-2.109725, 1.334183
-2.103161, 1.490312
-2.093006, 1.63478
-2.080469, 1.765654
-2.061412, 1.922489
-2.040109, 2.064225
-2.014011, 2.211483
-1.981669, 2.368857
-1.948561, 2.50913
-1.913294, 2.642944
-1.868302, 2.796902
-1.824051, 2.933905
-1.775765, 3.070918
-1.716236, 3.226177
-1.657514, 3.366714
-1.600531, 3.493545
-1.534817, 3.630098
-1.465855, 3.763791
-1.404636, 3.875368
-1.326055, 4.010126
-1.237784, 4.151939
-1.160045, 4.269265
-1.077393, 4.387303
-0.9825327, 4.515026
-0.8894435, 4.633188
-0.7844821, 4.758942
-0.665767, 4.892557
-0.5502153, 5.014606
-0.4488398, 5.115728
-0.3400793, 5.21869
-0.2305768, 5.316788
-0.1212635, 5.409546
0.001445104, 5.508242
0.1209157, 5.598839
0.2407856, 5.684646
0.3785496, 5.777506
0.5190642, 5.866214
0.6525773, 5.944961
0.7770891, 6.014061
0.909885, 6.083134
1.048689, 6.150566
1.179552, 6.209852
1.323678, 6.270483
1.461187, 6.323799
1.587703, 6.36921
1.729635, 6.415966
1.877558, 6.460148
2.018908, 6.49824
2.162823, 6.532966
2.306744, 6.563559
2.440599, 6.588325
2.590614, 6.612165
2.744749, 6.632135
2.88178, 6.646192
3.025121, 6.657245
3.181081, 6.664964
3.332291, 6.668175
3.485184, 6.667267
3.632939, 6.662318
3.773929, 6.65371
3.938485, 6.639209
4.104553, 6.619548
4.256964, 6.59682
4.401648, 6.571281
4.566759, 6.537558
4.726938, 6.499704
4.852543, 6.466062
4.999764, 6.422542
5.161623, 6.369606
5.313373, 6.314806
5.445101, 6.263085
5.594903, 6.199709
5.737318, 6.134382
5.850279, 6.078768
5.990632, 6.005075
6.129689, 5.926936
6.257229, 5.850536
6.396301, 5.762077
6.520052, 5.677946
6.631642, 5.597456
6.756191, 5.502608
6.87931, 5.403041
6.986077, 5.311802
7.024977, 5.277597
7.024976, 5.277597
7.024976, 5.277596
7.024977, 5.277596
7.024977, 5.277598
7.024977, 5.277599
7.024977, 5.277597
7.024977, 5.277599
7.024977, 5.277597
7.024977, 5.277596
7.024976, 5.277599
7.024976, 5.277598
7.024978, 5.277598
7.024976, 5.277598
7.024979, 5.277598
7.024977, 5.277598
7.024976, 5.277598
7.016387, 5.285183
6.908316, 5.379231
6.787947, 5.478332
6.684092, 5.559305
6.55744, 5.652727
6.424061, 5.745315
6.305727, 5.822623
6.182099, 5.898858
6.04353, 5.978932
5.916265, 6.047839
5.779641, 6.117213
5.643992, 6.1813
5.515601, 6.237607
5.357249, 6.301939
5.197955, 6.360904
5.050681, 6.410267
4.907586, 6.453824
4.759735, 6.494349
4.613464, 6.529951
4.488477, 6.556852
4.335004, 6.585519
4.172748, 6.610546
4.128328, 6.616543
4.128328, 6.616544
4.062846, 6.599015
3.926531, 6.559801
3.77613, 6.512232
3.634491, 6.462962
3.515596, 6.418169
3.381618, 6.363891
3.240998, 6.302361
3.112489, 6.242065
2.980457, 6.17581
2.850164, 6.105953
2.727256, 6.035815
2.588986, 5.951842
2.46699, 5.872941
2.348986, 5.792132
2.220663, 5.69905
2.093739, 5.601155
1.974028, 5.503261
1.846543, 5.392653
1.717544, 5.273494
1.606095, 5.163936
1.499291, 5.053015
1.392136, 4.935121
1.296377, 4.823647
1.206345, 4.713027
1.10676, 4.583596
1.017178, 4.459926
0.9382295, 4.34468
0.8547401, 4.215497
0.7793291, 4.091421
0.7093071, 3.969102
0.6340351, 3.828973
0.5691079, 3.699561
0.5085751, 3.570593
0.4444598, 3.423678
0.3851857, 3.276224
0.3295207, 3.125261
0.2802179, 2.978933
0.2349983, 2.83104
0.1995025, 2.702647
0.164263, 2.561804
0.1295962, 2.404343
0.1000414, 2.248654
0.07378642, 2.084148
0.05190566, 1.914028
0.03652412, 1.755863
0.02616167, 1.607004
0.01982864, 1.457904
0.0171301, 1.30829
0.01530962, 1.16545
0.01329008, 1.006615
0.01081692, 0.8412561
0.008736224, 0.694962
0.006911101, 0.5470587
0.005033948, 0.3834125
0.003292494, 0.2366227
0.001174557, 0.09791458
-0.0005343223, -0.06744416
-0.001688982, -0.2177866
-0.003925022, -0.3469219
-0.01075815, -0.515436
-0.02261169, -0.6823483
-0.03794951, -0.8315784
-0.05684041, -0.9777319
-0.08162462, -1.134586
-0.1112914, -1.292571
-0.142764, -1.437064
-0.1809791, -1.592005
-0.2251712, -1.750622
-0.2717454, -1.900262
-0.3200932, -2.042165
-0.373291, -2.185048
-0.4293926, -2.323781
-0.4881051, -2.458312
-0.5589203, -2.609009
-0.628091, -2.745647
-0.6922385, -2.864422
-0.7676333, -2.995663
-0.8458945, -3.123645
-0.9259694, -3.246907
-1.014713, -3.375755
-1.104289, -3.498134
-1.184718, -3.602294
-1.281577, -3.721186
-1.382722, -3.838556
-1.472459, -3.937183
-1.577693, -4.047024
-1.689989, -4.157859
-1.79409, -4.254925
-1.912006, -4.359195
-2.02855, -4.456467
-2.134242, -4.540043
-2.257161, -4.632178
-2.380781, -4.719503
-2.496089, -4.796528
-2.629595, -4.880559
-2.766481, -4.961348
-2.895801, -5.032677
-3.036726, -5.105503
-3.178758, -5.173761
-3.305887, -5.230502
-3.45081, -5.290917
-3.593527, -5.345565
-3.721555, -5.390581
-3.861651, -5.43587
-4.008726, -5.478963
-4.141814, -5.51412
-4.287832, -5.548623
-4.438758, -5.579865
-4.583689, -5.605628
-4.744142, -5.629649
-4.899498, -5.648266
-5.037156, -5.660807
-5.192181, -5.670903
-5.351968, -5.676654
-5.490429, -5.67767
-5.63847, -5.674889
-5.797861, -5.667404
-5.936882, -5.656894
-6.084486, -5.64177
-6.238329, -5.621575
-6.372992, -5.599913
-6.520905, -5.571963
-6.639782, -5.546157
-6.643981, -5.545189
-6.733685, -5.54632
-6.880215, -5.544653
-6.992386, -5.540803
-7.004365, -5.540269
-7.004364, -5.540268
-7.004364, -5.540268
-7.004363, -5.540267
-7.004364, -5.540268
-7.004363, -5.540268
-7.004364, -5.540269
-7.004364, -5.540267
-7.004364, -5.540267
-7.004364, -5.540268
-7.004364, -5.540268
-7.004364, -5.540268
-7.004364, -5.540267
-7.004362, -5.540267
-7.004363, -5.540268
-7.004364, -5.540267
-7.004364, -5.540268
-7.004364, -5.540268
-6.955582, -5.542419
-6.779866, -5.546803
-6.624548, -5.545812
-6.485606, -5.541168
-6.333871, -5.532129
-6.177641, -5.518405
-6.041689, -5.502671
-5.892509, -5.481549
-5.738005, -5.455303
-5.594586, -5.426643
-5.44156, -5.391834
-5.289395, -5.352607
-5.154811, -5.313891
-5.007324, -5.267194
-4.84163, -5.209379
-4.691746, -5.151814
-4.557408, -5.095775
-4.412466, -5.030793
-4.253664, -4.953932
-4.122308, -4.88536
-3.994686, -4.814105
-3.843704, -4.723969
-3.709464, -4.63813
-3.591832, -4.558192
-3.449552, -4.45584
-3.306799, -4.346021
-3.197618, -4.25637
-3.082453, -4.1565
-2.950707, -4.035315
-2.813957, -3.901405
-2.707425, -3.789966
-2.612985, -3.685489
-2.513042, -3.568626
-2.415687, -3.448152
-2.331904, -3.338539
-2.239121, -3.21023
-2.150967, -3.08059
-2.074411, -2.961085
-1.993599, -2.827865
-1.907623, -2.686346
-1.832159, -2.565162
-1.752273, -2.439056
-1.665894, -2.305883
-1.588328, -2.188462
-1.501772, -2.059477
-1.405765, -1.918568
-1.314212, -1.785772
-1.227492, -1.662267
-1.132747, -1.52921
-1.037479, -1.396581
-0.9603968, -1.289845
-0.8693996, -1.165062
-0.7710975, -1.030984
-0.681005, -0.9089112
-0.5984892, -0.7976649
-0.5034712, -0.6701587
-0.4068205, -0.5406159
-0.3186022, -0.4233021
-0.2252065, -0.2997879
-0.1295711, -0.172359
-0.04522641, -0.06018472
0.0470303, 0.06190547
0.1513359, 0.1938684
0.2538708, 0.3158916
0.3476826, 0.4214168
0.4548392, 0.5356626
0.5700133, 0.65154
0.6747133, 0.7509468
0.7910198, 0.8555673
0.9215478, 0.9661781
1.044835, 1.064424
1.153926, 1.146577
1.27834, 1.235282
1.414043, 1.326344
1.536025, 1.403168
1.670541, 1.482933
1.818503, 1.564871
1.958197, 1.636847
2.089721, 1.700024
2.233784, 1.764503
2.383164, 1.826167
2.515879, 1.876553
2.66305, 1.927956
2.825944, 1.979558
2.980179, 2.023312
3.120382, 2.058832
3.272861, 2.093105
3.428444, 2.123402
3.574132, 2.147391
3.752922, 2.17215
3.897734, 2.187548
4.059, 2.199873
4.205489, 2.206904
4.362964, 2.210078
4.527317, 2.208628
4.668834, 2.203269
4.824368, 2.193189
4.995354, 2.177024
5.154602, 2.157011
5.295331, 2.135289
5.44978, 2.107145
5.61096, 2.072899
5.752893, 2.038349
5.905678, 1.996925
6.056747, 1.951395
6.185138, 1.908749
6.329974, 1.856189
6.48166, 1.795948
6.613104, 1.739246
6.754679, 1.673548
6.900003, 1.600958
7.014732, 1.539745
7.030853, 1.530934
7.030853, 1.530935
7.030854, 1.530935
7.030853, 1.530935
7.030853, 1.530935
7.030853, 1.530934
7.030854, 1.530935
7.030853, 1.530935
7.030855, 1.530934
7.030854, 1.530935
7.030854, 1.530935
7.030854, 1.530935
7.030853, 1.530934
7.030854, 1.530934
7.030856, 1.530935
7.030857, 1.530935
7.030855, 1.530936
7.021907, 1.535825
6.904988, 1.599211
6.789114, 1.658459
6.655235, 1.722729
6.50915, 1.787713
6.370945, 1.844464
6.220609, 1.900904
6.064045, 1.953894
6.002556, 1.973154
6.002556, 1.973153
5.940199, 1.968615
5.784933, 1.959211
5.63991, 1.949537
5.478489, 1.936736
5.306111, 1.920449
5.147673, 1.903613
5.006684, 1.886234
4.850336, 1.864582
4.687006, 1.839273
4.544864, 1.81467
4.389706, 1.785448
4.221742, 1.750751
4.067641, 1.716517
3.92273, 1.6823
3.779222, 1.645318
3.633896, 1.605604
3.493636, 1.564789
3.344086, 1.518643
3.189955, 1.468941
3.054192, 1.42289
2.906812, 1.370526
2.744463, 1.310789
2.591598, 1.251783
2.460773, 1.199271
2.31382, 1.138597
2.164858, 1.074944
2.033633, 1.017398
1.886332, 0.9512525
1.730481, 0.8792793
1.582989, 0.8099405
1.453083, 0.7477517
1.312201, 0.6789317
1.168653, 0.6076753
1.043616, 0.5446582
0.9031271, 0.4731765
0.7524052, 0.3953979
0.6134758, 0.3233723
0.4866879, 0.2572995
0.3456228, 0.1831717
0.2011927, 0.1065107
0.07706914, 0.04080341
-0.05740518, -0.03056266
-0.2063714, -0.113604
-0.3433192, -0.1954434
-0.4647429, -0.2726952
-0.5966632, -0.3617601
-0.7301075, -0.45766
-0.8436238, -0.544275
-0.9647121, -0.641965
-1.0955, -0.7540184
-1.210306, -0.8584666
-1.313658, -0.9578907
-1.418593, -1.064174
-1.522169, -1.175119
-1.617593, -1.283046
-1.720083, -1.405547
-1.826822, -1.540997
-1.910069, -1.653061
-1.992627, -1.769987
-2.077359, -1.897615
-2.15332, -2.019454
-2.234075, -2.15726
-2.315671, -2.306251
-2.384084, -2.440624
-2.444899, -2.568534
-2.507504, -2.709764
-2.570434, -2.863503
-2.622244, -3.001563
-2.674173, -3.152419
-2.72605, -3.31931
-2.769976, -3.477925
-2.806229, -3.625286
-2.838973, -3.77589
-2.866933, -3.925022
-2.889288, -4.064966
-2.909497, -4.217904
-2.925922, -4.376511
-2.936832, -4.522263
-2.944305, -4.680994
-2.947274, -4.854597
-2.945074, -5.017498
-2.939068, -5.159985
-2.92816, -5.317661
-2.911976, -5.481956
-2.89442, -5.619156
-2.87078, -5.771954
-2.840862, -5.934591
-2.809018, -6.083051
-2.775514, -6.221238
-2.729911, -6.389489
-2.679676, -6.554417
-2.635134, -6.685654
-2.584482, -6.823031
-2.527696, -6.964992
-2.505117, -7.018699
-2.505116, -7.0187
-2.505117, -7.018701
-2.505115, -7.0187
-2.505116, -7.018698
-2.505116, -7.0187
-2.505115, -7.0187
-2.505117, -7.0187
-2.505116, -7.018699
-2.505116, -7.0187
-2.505116, -7.0187
-2.505116, -7.0187
-2.505116, -7.0187
-2.505116, -7.018699
-2.505116, -7.0187
-2.505117, -7.0187
-2.505116, -7.0187
-2.506916, -7.014537
-2.551974, -6.907449
-2.618354, -6.73994
-2.668631, -6.600651
-2.711339, -6.471716
-2.756488, -6.322409
-2.797311, -6.171952
-2.832265, -6.026849
-2.864061, -5.877524
-2.891579, -5.726946
-2.913347, -5.586355
-2.933004, -5.431545
-2.949405, -5.262819
-2.959445, -5.113235
-2.965665, -4.956821
-2.967264, -4.793551
-2.963935, -4.630421
-2.956726, -4.484124
-2.945176, -4.332283
-2.929192, -4.180506
-2.909756, -4.034844
-2.885757, -3.885669
-2.856682, -3.733493
-2.824831, -3.589183
-2.788043, -3.441692
-2.746318, -3.293474
-2.702621, -3.153972
-2.652811, -3.009741
-2.622936, -2.929836
-2.620559, -2.911443
-2.601279, -2.774597
-2.573046, -2.607049
-2.54458, -2.464188
-2.508727, -2.306996
-2.466225, -2.142855
-2.421746, -1.99045
-2.375436, -1.846985
-2.324757, -1.703327
-2.273241, -1.569208
-2.221402, -1.443915
-2.158092, -1.301556
-2.089686, -1.158951
-2.022013, -1.027493
-1.949511, -0.8953213
-1.870876, -0.7612438
-1.793602, -0.6374043
-1.70558, -0.5046341
-1.611097, -0.370811
-1.520071, -0.2496089
-1.423669, -0.1281761
-1.322754, -0.008230957
-1.221798, 0.1049598
-1.118408, 0.2147752
-0.999077, 0.3343017
-0.8714001, 0.4545939
-0.7618483, 0.5516774
-0.6448268, 0.6499421
-0.5221437, 0.7472655
-0.3996402, 0.8387497
-0.2784352, 0.9243145
-0.1481249, 1.011012
-0.01515058, 1.094061
0.1149032, 1.170251
0.2579564, 1.248745
0.4067867, 1.324673
0.5420032, 1.388691
0.6778731, 1.448671
0.8265179, 1.509381
0.967783, 1.562288
1.11103, 1.611681
1.260951, 1.65863
1.403795, 1.698919
1.549256, 1.735854
1.705039, 1.77072
1.85604, 1.799959
2.004947, 1.824561
2.172366, 1.847277
2.336982, 1.864488
2.488603, 1.875863
2.656151, 1.883632
2.831515, 1.886326
2.98142, 1.884058
3.131776, 1.877761
3.290951, 1.866559
3.439013, 1.851809
3.588211, 1.833005
3.746607, 1.808399
3.895912, 1.780754
4.054873, 1.746643
4.218961, 1.706318
4.369873, 1.66434
4.511835, 1.620646
4.645748, 1.575525
4.798597, 1.519187
4.945286, 1.460162
5.088097, 1.397927
5.229949, 1.331329
5.369742, 1.260594
5.499976, 1.190035
5.633834, 1.112854
5.764104, 1.032593
5.894932, 0.9468592
6.029906, 0.8526608
6.165026, 0.7522774
6.286847, 0.6558394
6.405122, 0.556769
6.528742, 0.4469464
6.651537, 0.3309653
6.75105, 0.231399
6.861337, 0.1149964
6.974679, -0.01178978
7.001967, -0.0434004
7.001967, -0.04340053
7.001967, -0.04339982
7.001967, -0.04340008
7.001968, -0.04340005
7.001968, -0.04339997
7.001968, -0.04340001
7.001967, -0.04340003
7.001967, -0.04340048
7.001968, -0.04340032
7.001968, -0.04340063
7.001968, -0.04340058
7.001968, -0.04340046
7.001968, -0.04340011
7.001968, -0.04340001
7.001967, -0.04339993
7.001968, -0.04340093
7.001968, -0.0434006
6.978127, -0.01574793
6.873006, 0.1025312
6.771009, 0.2108378
6.671566, 0.3108227
6.55712, 0.4199465
6.438548, 0.5267583
6.341444, 0.6094474
6.222179, 0.7059004
6.084459, 0.8107522
5.958127, 0.9009265
5.817492, 0.995371
5.675194, 1.084721
5.546288, 1.160464
5.423013, 1.228392
5.271639, 1.306535
5.133292, 1.372825
5.002248, 1.431304
4.851527, 1.493533
4.696607, 1.552281
4.563116, 1.598292
4.40925, 1.646754
4.256083, 1.69014
4.105755, 1.727868
3.952507, 1.76196
3.79944, 1.791357
3.638934, 1.81737
3.487829, 1.83732
3.327067, 1.853835
3.1572, 1.866115
3.004426, 1.87251
2.873922, 1.874524
2.721824, 1.872814
2.54371, 1.865783
2.405756, 1.856305
2.245485, 1.840724
2.081431, 1.819579
1.93897, 1.79646
1.766568, 1.763462
1.602971, 1.726077
1.563238, 1.716002
1.560229, 1.713856
1.474967, 1.651325
1.350605, 1.55578
1.235579, 1.462136
1.118398, 1.361417
0.9960079, 1.249897
0.8903217, 1.147817
0.7894258, 1.044942
0.6820796, 0.9295316
0.5762176, 0.8087446
0.4857115, 0.6995068
0.3959956, 0.5853786
0.3040849, 0.4617895
0.2252973, 0.3493886
0.1400039, 0.2209245
0.06044505, 0.09584399
-0.01584184, -0.02561153
-0.09727076, -0.1621381
-0.1764706, -0.3043385
-0.2476471, -0.44151
-0.3143203, -0.5789605
-0.3772355, -0.7184114
-0.4276231, -0.8385761
-0.4818518, -0.9773458
-0.5373524, -1.132388
-0.5827185, -1.271535
-0.6232035, -1.407822
-0.6644897, -1.561886
-0.7015938, -1.718931
-0.7332337, -1.872631
-0.7597089, -2.021944
-0.7833123, -2.181721
-0.7999763, -2.321355
-0.8134972, -2.466144
-0.8241755, -2.629791
-0.8297423, -2.788754
-0.8307711, -2.947884
-0.8273221, -3.105582
-0.8189588, -3.267689
-0.8065848, -3.420201
-0.7888427, -3.582848
-0.7666757, -3.742128
-0.7422522, -3.88719
-0.7155303, -4.023677
-0.6809661, -4.178463
-0.6417654, -4.332517
-0.5983598, -4.484538
-0.5502114, -4.636811
-0.4968939, -4.78953
-0.4433043, -4.930044
-0.3931712, -5.051996
-0.3328354, -5.188629
-0.2633758, -5.33459
-0.1966455, -5.465264
-0.127469, -5.592347
-0.05277913, -5.721166
0.02018541, -5.83938
0.1093856, -5.975892
0.1974953, -6.10255
0.276952, -6.210392
0.3667586, -6.326169
0.463268, -6.443815
0.5568398, -6.551543
0.6590659, -6.663309
0.7706218, -6.778418
0.8802261, -6.885095
0.9907403, -6.987171
1.019474, -7.012895
1.019475, -7.012895
1.019475, -7.012894
1.019475, -7.012894
1.019475, -7.012895
1.019475, -7.012894
1.019475, -7.012895
1.019474, -7.012895
1.019474, -7.012895
1.019475, -7.012894
1.019475, -7.012895
1.019475, -7.012894
1.019474, -7.012895
1.019475, -7.012894
1.019474, -7.012895
1.019475, -7.012895
1.019475, -7.012895
1.019475, -7.012895
0.9887918, -6.985297
0.876591, -6.881547
0.7556865, -6.763071
0.6622285, -6.666219
0.5652709, -6.560387
0.4619235, -6.441087
0.3767491, -6.337071
0.2854623, -6.219683
0.1932269, -6.094075
0.1131083, -5.978176
0.02642138, -5.845427
-0.06013557, -5.704016
-0.1361742, -5.571189
-0.1987329, -5.454953
-0.2671198, -5.319673
-0.3346646, -5.175942
-0.3914233, -5.046105
-0.4484665, -4.905493
-0.5012487, -4.764351
-0.5461729, -4.633651
-0.5996401, -4.463555
-0.643417, -4.307687
-0.6754519, -4.178958
-0.7079492, -4.03285
-0.7377165, -3.878995
-0.7613039, -3.734726
-0.7822621, -3.581297
-0.79941, -3.420678
-0.810599, -3.277803
-0.8182776, -3.130963
-0.8221778, -2.971978
-0.8214932, -2.823572
-0.8165696, -2.667798
-0.8066142, -2.505168
-0.7934355, -2.358575
-0.7763984, -2.213168
-0.7528513, -2.051233
-0.7278205, -1.908316
-0.6999891, -1.770504
-0.6633959, -1.612223
-0.6225222, -1.45677
-0.5777348, -1.304507
-0.5278091, -1.151222
-0.4761423, -1.006946
-0.4298289, -0.8878613
-0.3740487, -0.7541692
-0.3056441, -0.6026044
-0.2342513, -0.4564
-0.1602399, -0.3112455
-0.08696899, -0.1683589
-0.01688405, -0.03265034
0.04806876, 0.09266248
0.1244211, 0.2315956
0.2076662, 0.3728923
0.2893975, 0.5024525
0.3720315, 0.6251975
0.4657849, 0.755785
