-5.362771, -5.851469
-4.954793, -5.410854
-4.954792, -5.410855
-4.904686, -5.355909
-4.802134, -5.243313
-4.692354, -5.122946
-4.582919, -5.003181
-4.490672, -4.902304
-4.377248, -4.778553
-4.202503, -4.588542
-4.144108, -4.524994
-4.042022, -4.413731
-3.935514, -4.297458
-3.844793, -4.198295
-3.740626, -4.084363
-3.632246, -3.966202
-3.524874, -3.848999
-3.436053, -3.752077
-3.337713, -3.64478
-3.234376, -3.531976
-3.144086, -3.433448
-3.039879, -3.319709
-2.935231, -3.205527
-2.848512, -3.110877
-2.749998, -3.003316
-2.649277, -2.893455
-2.561134, -2.797268
-2.464315, -2.691618
-2.36035, -2.578157
-2.268911, -2.478348
-2.171355, -2.37185
-2.066732, -2.257636
-1.980262, -2.163263
-1.882125, -2.056223
-1.778679, -1.943294
-1.687938, -1.84429
-1.588212, -1.735487
-1.484469, -1.622257
-1.394861, -1.524456
-1.293383, -1.413736
-1.189235, -1.300075
-1.091413, -1.193336
-0.9973595, -1.090727
-0.896653, -0.9808466
-0.7996455, -0.8749605
-0.7068032, -0.7736344
-0.6052805, -0.6628691
-0.5045349, -0.5529627
-0.4168485, -0.4573019
-0.3162146, -0.3475204
-0.2164858, -0.2387348
-0.1263334, -0.1403645
-0.02059995, -0.02498878
0.08823583, 0.09364578
0.1916605, 0.2062065
0.3078029, 0.332525
0.4219776, 0.4567464
0.5259521, 0.5698598
0.636144, 0.6897591
0.7524153, 0.8162833
0.8546333, 0.927529
0.9658552, 1.048574
1.084242, 1.177408
1.185382, 1.287503
1.302283, 1.414717
1.418316, 1.541007
1.525217, 1.657362
1.638916, 1.78111
1.754847, 1.9073
1.856601, 2.018073
1.96793, 2.139285
2.086302, 2.268173
2.189156, 2.380185
2.302559, 2.50368
2.419587, 2.631111
2.516872, 2.737077
2.635402, 2.866101
2.753984, 2.995241
2.85575, 3.106078
2.967818, 3.228106
3.099569, 3.371599
3.210199, 3.492115
3.312319, 3.603383
3.428979, 3.730442
3.542887, 3.854581
3.651093, 3.972501
3.765376, 4.097018
3.88096, 4.222962
3.981328, 4.332356
4.093113, 4.454172
4.206901, 4.578185
4.3065, 4.686781
4.423655, 4.814513
4.539145, 4.940469
4.645986, 5.057008
4.762028, 5.183575
4.883121, 5.315647
4.984982, 5.426766
5.100056, 5.552336
5.21887, 5.681998
5.318816, 5.791093
5.431533, 5.914129
5.550028, 6.043502
5.65572, 6.158921
5.765557, 6.278877
5.875424, 6.39885
5.888597, 6.413238
5.888596, 6.413237
5.888598, 6.413239
5.8886, 6.413239
5.888598, 6.41324
5.888599, 6.413237
5.888602, 6.413239
5.888603, 6.413243
5.888603, 6.41324
5.888605, 6.413239
5.888604, 6.413239
5.888605, 6.413239
5.888608, 6.41324
5.888604, 6.413241
5.888601, 6.413244
5.888598, 6.413245
5.888598, 6.413246
5.888602, 6.413241
5.88971, 6.414477
5.944533, 6.474762
6.046138, 6.586521
6.14821, 6.69874
6.236762, 6.796059
6.336966, 6.906208
6.435634, 7.014602
6.524205, 7.111892
6.621789, 7.219078
6.722831, 7.33004
6.811959, 7.427883
6.9118, 7.537496
7.013105, 7.648615
7.10368, 7.747929
7.205659, 7.859731
7.306859, 7.97065
7.393736, 8.065775
7.493596, 8.175071
7.605905, 8.297912
7.70605, 8.407324
7.796653, 8.506188
7.896876, 8.615319
7.928304, 8.64943
7.945285, 8.686533
8.006996, 8.822185
8.068753, 8.957986
8.126654, 9.085349
8.187369, 9.218896
8.250265, 9.357178
8.305938, 9.479597
8.368353, 9.616839
8.430362, 9.753152
8.489017, 9.882096
8.545904, 10.00714
8.612137, 10.15282
8.668584, 10.27687
8.729027, 10.40972
8.795456, 10.55573
8.855536, 10.68777
8.912454, 10.81287
8.975392, 10.95121
9.039223, 11.09154
9.091339, 11.20605
9.157141, 11.35076
9.215241, 11.47843
9.272429, 11.60412
9.336092, 11.74404
9.399139, 11.88259
9.454442, 12.00411
9.517035, 12.1417
9.580016, 12.28007
9.636527, 12.40425
9.697726, 12.5387
9.760861, 12.6774
9.816091, 12.79868
9.874493, 12.92695
9.938565, 13.06768
9.991591, 13.18413
10.06424, 13.34377
10.13222, 13.49308
10.2001, 13.64222
10.26849, 13.79237
10.34673, 13.96416
10.41779, 14.12013
10.47945, 14.25546
10.55362, 14.41832
10.62355, 14.57182
10.68706, 14.71122
10.75704, 14.86486
10.82732, 15.01912
10.88949, 15.15556
10.95786, 15.30561
11.03157, 15.46743
11.0931, 15.60245
11.16532, 15.76095
11.23802, 15.92048
11.30038, 16.05731
11.37082, 16.21189
11.43708, 16.35727
11.5053, 16.50696
11.57482, 16.65944
11.64567, 16.81485
11.70732, 16.95005
11.77378, 17.09583
11.85086, 17.26501
11.91354, 17.40253
11.9839, 17.55694
12.05319, 17.70892
12.11628, 17.84724
12.18727, 18.00286
12.25679, 18.15522
12.32088, 18.29566
12.39119, 18.44975
12.46206, 18.60504
12.52669, 18.74665
12.59784, 18.90254
12.67198, 19.06498
12.74053, 19.21513
12.80604, 19.35864
12.87699, 19.51407
12.94853, 19.67073
13.01707, 19.82081
13.09088, 19.98244
13.16006, 20.13389
13.22255, 20.27066
13.29296, 20.42479
13.36379, 20.57989
13.429, 20.72262
13.49858, 20.8749
13.56785, 21.02645
13.63467, 21.17267
13.70593, 21.32853
13.77552, 21.48074
13.84023, 21.62223
13.91069, 21.77632
13.98111, 21.93026
14.04527, 22.07049
14.11491, 22.22268
14.16558, 22.33337
14.16727, 22.33706
14.16727, 22.33706
14.16727, 22.33706
14.16727, 22.33706
14.16727, 22.33706
14.16727, 22.33706
14.16727, 22.33706
14.16727, 22.33706
14.16727, 22.33706
14.16727, 22.33706
14.16727, 22.33706
14.16727, 22.33706
14.16727, 22.33706
14.16727, 22.33706
14.16727, 22.33706
14.16727, 22.33706
14.16727, 22.33706
14.16727, 22.33706
14.17533, 22.35462
14.22182, 22.45532
14.28972, 22.60213
14.354, 22.74115
14.41226, 22.86722
14.47444, 23.00178
14.53926, 23.14208
14.59649, 23.26601
14.65741, 23.39794
14.7259, 23.54619
14.78165, 23.66698
14.84529, 23.80483
14.91612, 23.95828
14.97629, 24.08874
15.03397, 24.21379
15.0982, 24.35311
15.15997, 24.48714
15.21817, 24.61341
15.28065, 24.74903
15.34556, 24.88995
15.40207, 25.01271
15.46503, 25.14952
15.52625, 25.28266
15.58064, 25.401
15.64619, 25.54371
15.70652, 25.67525
15.76178, 25.7958
15.82442, 25.93248
15.88373, 26.06208
15.94126, 26.18788
16.00363, 26.32431
16.06437, 26.45741
16.12174, 26.58348
16.18536, 26.72373
16.20485, 26.76688
16.20485, 26.76688
16.21285, 26.83346
16.23062, 26.9851
16.247, 27.12528
16.26356, 27.26713
16.28133, 27.41943
16.29704, 27.55419
16.31389, 27.69844
16.33178, 27.8516
16.34809, 27.99116
16.36449, 28.13107
16.38307, 28.28971
16.39898, 28.42572
16.41502, 28.56387
16.43187, 28.71101
16.44735, 28.84686
16.46455, 28.99742
16.48166, 29.14661
16.49729, 29.2831
16.51392, 29.42819
16.53183, 29.58399
16.54674, 29.71478
16.56302, 29.85726
16.58153, 30.01923
16.59899, 30.17154
16.61483, 30.30988
16.63279, 30.46563
16.65464, 30.6521
16.67365, 30.81445
16.69218, 30.97292
16.71408, 31.16002
16.73275, 31.31969
16.7522, 31.48622
16.77313, 31.66583
16.79213, 31.82916
16.81328, 32.00986
16.83398, 32.18644
16.8537, 32.35527
16.87231, 32.51497
16.89117, 32.6769
16.91163, 32.8522
16.92892, 33.00057
16.94802, 33.16482
16.97067, 33.35952
16.99064, 33.53112
17.00745, 33.67578
17.0275, 33.84858
17.04856, 34.03022
17.06656, 34.18539
17.08639, 34.35596
17.10872, 34.54742
17.12614, 34.69727
17.1455, 34.8639
17.16684, 35.04784
17.18455, 35.20077
17.20368, 35.36594
17.22564, 35.55564
17.24577, 35.72979
17.26301, 35.87887
17.28182, 36.04129
17.30201, 36.21571
17.32065, 36.37604
17.34123, 36.55278
17.361, 36.72373
17.37815, 36.8723
17.39701, 37.03584
17.41691, 37.2085
17.43685, 37.3808
17.45644, 37.54932
17.47688, 37.72573
17.49414, 37.87518
17.51473, 38.05362
17.53689, 38.24585
17.55736, 38.42358
17.5742, 38.57029
17.5936, 38.739
17.61294, 38.90691
17.6245, 39.00723
17.62465, 39.00854
17.62466, 39.00854
17.62466, 39.00854
17.62466, 39.00854
17.62465, 39.00855
17.62466, 39.00855
17.62465, 39.00855
17.62465, 39.00854
17.62466, 39.00854
17.62466, 39.00854
17.62466, 39.00854
17.62466, 39.00854
17.62466, 39.00855
17.62466, 39.00854
17.62465, 39.00854
17.62465, 39.00854
17.62466, 39.00854
17.62466, 39.00854
17.62739, 39.03295
17.64294, 39.1732
17.65649, 39.29559
17.67311, 39.44596
17.69084, 39.60594
17.70535, 39.73668
17.72168, 39.88398
17.73816, 40.03227
17.75325, 40.16808
17.76949, 40.31423
17.78631, 40.46549
17.8013, 40.60023
17.81738, 40.74459
17.83486, 40.90145
17.85083, 41.04474
17.86733, 41.1928
17.8852, 41.35303
17.90194, 41.50364
17.91624, 41.63229
17.93453, 41.79599
17.95202, 41.95245
17.96716, 42.08769
17.98364, 42.23483
18.00043, 42.38471
18.01535, 42.51779
18.0318, 42.66451
18.04856, 42.81414
18.0635, 42.94735
18.07981, 43.0927
18.09621, 43.23849
18.11132, 43.37278
18.12871, 43.52743
18.14598, 43.68082
18.16245, 43.82672
18.17944, 43.97713
18.19616, 44.12503
18.21098, 44.25592
18.22763, 44.40305
18.24479, 44.55435
18.25935, 44.68266
18.27649, 44.8337
18.29392, 44.98661
18.30928, 45.12122
18.32623, 45.26952
18.34397, 45.4245
18.35977, 45.56217
18.37669, 45.70926
18.39544, 45.87188
18.41259, 46.01994
18.42825, 46.15455
18.44598, 46.30621
18.46398, 46.45873
18.47458, 46.54733
18.47258, 46.56086
18.44585, 46.69181
18.41432, 46.84596
18.37888, 47.01918
18.34264, 47.19627
18.3107, 47.35247
18.27782, 47.51325
18.24307, 47.68314
18.21218, 47.83421
18.17791, 48.00162
18.14015, 48.18604
18.10698, 48.34812
18.07724, 48.49343
18.04245, 48.66347
18.00768, 48.83358
17.9754, 48.99161
17.94042, 49.16278
17.90662, 49.3282
17.87537, 49.48116
17.84041, 49.65229
17.805, 49.82561
17.7742, 49.97645
17.73958, 50.14567
17.70291, 50.32484
17.67324, 50.47004
17.64035, 50.63115
17.6063, 50.79801
17.57651, 50.94403
17.54385, 51.10406
17.50941, 51.27294
17.47913, 51.42144
17.44538, 51.58683
17.40922, 51.76392
17.38034, 51.9054
17.34659, 52.07079
17.31111, 52.24477
17.27901, 52.40228
17.24474, 52.57043
17.20996, 52.741
17.17712, 52.90213
17.14362, 53.06656
17.10736, 53.24445
17.07491, 53.40377
17.04252, 53.56274
17.00671, 53.73853
16.97343, 53.90197
16.94199, 54.05645
16.90655, 54.2305
16.87273, 54.39671
16.84203, 54.54762
16.80784, 54.71562
16.77311, 54.88634
16.74035, 55.04738
16.70595, 55.21635
16.67159, 55.38535
16.64177, 55.53209
16.60855, 55.69544
16.57455, 55.86271
16.56068, 55.93103
16.56067, 55.93103
16.56067, 55.93103
16.56068, 55.93103
16.56067, 55.93103
16.56067, 55.93103
16.56067, 55.93103
16.56067, 55.93103
16.56067, 55.93102
16.56067, 55.93103
16.56067, 55.93103
16.56067, 55.93103
16.56067, 55.93103
16.56067, 55.93103
16.56067, 55.93103
16.56067, 55.93103
16.56067, 55.93103
16.56067, 55.93101
16.56067, 55.931
16.55256, 55.9715
16.52059, 56.13273
16.4923, 56.27494
16.46585, 56.40789
16.43479, 56.564
16.40556, 56.7108
16.37964, 56.84096
16.35019, 56.98882
16.32131, 57.13374
16.29542, 57.26368
16.26623, 57.41019
16.23763, 57.55368
16.21134, 57.6855
16.18163, 57.83461
16.1517, 57.98471
16.12504, 58.1184
16.09526, 58.26773
16.06515, 58.41872
16.03874, 58.55098
16.00977, 58.69616
15.97953, 58.84763
15.95304, 58.98039
15.92389, 59.12646
15.89356, 59.27827
15.86693, 59.41152
15.83819, 59.55542
15.80924, 59.7002
15.78234, 59.83482
15.75289, 59.98215
15.72047, 60.14424
15.69099, 60.29157
15.66405, 60.42617
15.63392, 60.57672
15.60389, 60.72667
15.57703, 60.86079
15.5474, 61.00867
15.51764, 61.1571
15.49159, 61.28695
15.46235, 61.43276
15.43354, 61.57635
15.4081, 61.70306
15.37841, 61.85111
15.34875, 61.99892
15.32417, 62.1213
15.29408, 62.27125
15.26405, 62.42085
15.23788, 62.55098
15.20893, 62.69493
15.17699, 62.85421
15.15076, 62.98478
15.1205, 63.13547
15.0899, 63.28757
15.06376, 63.41719
15.03444, 63.56242
15.00328, 63.71653
14.97419, 63.86024
14.94686, 63.99511
14.9159, 64.14787
14.88223, 64.31385
14.85058, 64.46973
14.81654, 64.6373
14.78241, 64.80501
14.75164, 64.95603
14.71722, 65.12486
14.68292, 65.29263
14.65266, 65.44022
14.61759, 65.61102
14.58287, 65.77948
14.55186, 65.92902
14.52416, 66.06165
14.5222, 66.07092
14.51542, 66.08328
14.44443, 66.21054
14.36089, 66.35928
14.28758, 66.48979
14.20395, 66.63862
14.1166, 66.79405
14.03958, 66.93107
13.95594, 67.07988
13.86926, 67.23412
13.79715, 67.3624
13.71087, 67.5161
13.62093, 67.67642
13.55062, 67.80162
13.46981, 67.94536
13.38307, 68.09962
13.30661, 68.23554
13.22666, 68.3777
13.14219, 68.52791
13.06341, 68.66799
12.98126, 68.81412
12.89158, 68.97369
12.80879, 69.1209
12.73716, 69.24828
12.65267, 69.39857
12.56787, 69.54931
12.48992, 69.68784
12.40326, 69.84189
12.3187, 69.99221
12.24408, 70.12486
12.16013, 70.2741
12.07523, 70.42495
11.99775, 70.56263
11.91169, 70.71555
11.82293, 70.87332
11.74318, 71.01502
11.65983, 71.1631
11.56714, 71.32777
11.48386, 71.47575
11.40899, 71.60874
11.32289, 71.76168
11.23829, 71.91192
11.16235, 72.04675
11.07712, 72.19814
10.99514, 72.34368
10.9185, 72.47976
10.83113, 72.6349
10.74742, 72.78352
10.67167, 72.91802
10.58485, 73.07218
10.50366, 73.21628
10.42316, 73.35912
10.33446, 73.5166
10.25277, 73.66155
10.17907, 73.79231
10.09192, 73.94701
10.00745, 74.09692
9.932301, 74.23028
9.847894, 74.3801
9.761838, 74.53295
9.687713, 74.66475
9.59728, 74.82542
9.511475, 74.97769
9.427669, 75.12641
9.337638, 75.28639
9.303308, 75.34735
9.303307, 75.34735
9.303306, 75.34735
9.303306, 75.34735
9.303307, 75.34735
9.303307, 75.34734
9.303306, 75.34735
9.303307, 75.34734
9.303307, 75.34735
9.303308, 75.34736
9.303308, 75.34737
9.303308, 75.34736
9.303308, 75.34736
9.303308, 75.34739
9.303306, 75.34738
9.303306, 75.34737
9.303305, 75.34738
9.303306, 75.34739
9.303306, 75.3474
9.273643, 75.39931
9.207479, 75.51537
9.134724, 75.64298
9.061597, 75.77129
8.994943, 75.88824
8.918456, 76.02247
8.843548, 76.15398
8.776761, 76.27122
8.702231, 76.40205
8.627811, 76.53271
8.55862, 76.65417
8.479523, 76.79292
8.401383, 76.92998
8.334182, 77.04793
8.266685, 77.16647
8.15877, 77.35589
8.104243, 77.45151
8.031012, 77.58013
7.954165, 77.71512
7.890347, 77.82726
7.811845, 77.965
7.718508, 78.12835
7.652883, 78.24368
7.587492, 78.35867
7.509069, 78.49653
7.433445, 78.62955
7.364247, 78.7513
7.287886, 78.88566
7.211996, 79.01918
7.144315, 79.1383
7.070283, 79.26867
6.993876, 79.40318
6.926442, 79.52197
6.847471, 79.66097
6.770128, 79.79721
6.701427, 79.91828
6.627089, 80.04933
6.544915, 80.19418
6.470868, 80.32475
6.400982, 80.44804
6.325884, 80.5805
6.251975, 80.71091
6.184269, 80.83043
6.109646, 80.96218
6.034537, 81.0948
5.969013, 81.2106
5.895037, 81.34133
5.81948, 81.47495
5.750766, 81.59647
5.67778, 81.72559
5.601079, 81.86131
5.53879, 81.97161
5.46522, 82.10192
5.390985, 82.23351
5.32213, 82.35564
5.251119, 82.48165
5.176018, 82.61506
5.110268, 82.73195
5.037363, 82.86164
4.963716, 82.99283
4.899222, 83.10789
4.825477, 83.23972
4.750018, 83.3752
4.729583, 83.41202
4.701258, 83.43797
4.591632, 83.53811
4.489652, 83.63128
4.383822, 83.72797
4.271619, 83.8305
4.164698, 83.92822
4.052229, 84.031
3.932877, 84.14006
3.823176, 84.24031
3.692635, 84.35944
3.584341, 84.45831
3.4604, 84.57153
3.348085, 84.67419
3.221403, 84.78995
3.083277, 84.91612
2.975695, 85.01443
2.853314, 85.12624
2.714458, 85.25294
2.59492, 85.36206
2.474297, 85.47226
2.337704, 85.59714
2.212961, 85.71124
2.093877, 85.82016
1.964174, 85.93875
1.830664, 86.06084
1.713407, 86.16811
1.590752, 86.28033
1.455759, 86.40378
1.345043, 86.50504
1.218384, 86.62079
1.07935, 86.7479
0.9599028, 86.85716
0.8478454, 86.95964
0.7199742, 87.07661
0.5935637, 87.19226
0.4744329, 87.30125
0.344097, 87.42048
0.2187752, 87.53518
0.1064568, 87.638
-0.02292648, 87.75644
-0.1568961, 87.8791
-0.2710642, 87.98363
-0.3973483, 88.09917
-0.5332471, 88.22349
-0.6526138, 88.33277
-0.7738462, 88.44381
-0.9035439, 88.56256
-1.026353, 88.67506
-1.141182, 88.78026
-1.272768, 88.90079
-1.402536, 89.0197
-1.518468, 89.12593
-1.650715, 89.24704
-1.776006, 89.3618
-1.882491, 89.45936
-2.006277, 89.57275
-2.130367, 89.68639
-2.23805, 89.78493
-2.367095, 89.90313
-2.495904, 90.02113
-2.611588, 90.12714
-2.737402, 90.24243
-2.863634, 90.35818
-2.980412, 90.46532
-3.105587, 90.58012
-3.231302, 90.69544
-3.343596, 90.79846
-3.473548, 90.91764
-3.602366, 91.03584
-3.719431, 91.14328
-3.850554, 91.2636
-3.98177, 91.38402
-4.093689, 91.48675
-4.215636, 91.59866
-4.339, 91.71191
-4.455961, 91.81931
-4.582851, 91.9358
-4.719166, 92.06091
-4.835057, 92.1673
-4.963495, 92.28519
-5.103973, 92.4141
-5.226097, 92.52623
-5.338006, 92.62903
-5.46269, 92.74358
-5.585623, 92.85653
-5.700548, 92.96217
-5.829119, 93.08038
-5.949833, 93.19138
-6.066018, 93.29821
-6.19376, 93.41568
-6.32093, 93.53269
-6.439608, 93.64189
-6.569253, 93.76116
-6.695282, 93.87713
-6.810237, 93.98294
-6.937012, 94.09963
-7.060797, 94.21364
-7.112231, 94.26099
-7.112231, 94.26099
-7.112231, 94.26099
-7.112231, 94.26099
-7.11223, 94.26099
-7.11223, 94.26099
-7.11223, 94.26098
-7.112228, 94.26098
-7.112226, 94.26098
-7.112228, 94.26098
-7.112233, 94.26098
-7.112235, 94.26094
-7.112237, 94.26094
-7.11224, 94.26093
-7.112241, 94.26093
-7.112242, 94.26092
-7.112244, 94.26093
-7.112245, 94.26093
-7.112244, 94.26093
-7.165459, 94.31031
-7.280365, 94.41726
-7.393098, 94.52207
-7.498766, 94.62032
-7.605062, 94.71912
-7.718502, 94.82453
-7.826314, 94.9247
-7.92345, 95.01492
-8.036238, 95.11967
-8.146331, 95.22186
-8.24544, 95.31383
-8.356027, 95.41647
-8.46454, 95.5171
-8.565215, 95.61043
-8.678369, 95.71531
-8.788257, 95.8171
-8.885869, 95.90749
-9.002282, 96.01528
-9.115323, 96.1198
-9.220326, 96.21685
-9.333545, 96.32145
-9.449689, 96.42862
-9.552213, 96.52309
-9.654924, 96.61769
-9.769529, 96.72307
-9.867465, 96.81279
-9.941718, 96.88056
-9.943792, 96.88245
-9.963387, 96.89173
-10.07978, 96.94563
-10.22726, 97.0135
-10.35503, 97.0722
-10.48449, 97.13172
-10.62434, 97.196
-10.74708, 97.2524
-10.88297, 97.31486
-11.02429, 97.37978
-11.14317, 97.43437
-11.27639, 97.49557
-11.41857, 97.5609
-11.54291, 97.61806
-11.67404, 97.67829
-11.81305, 97.74214
-11.9383, 97.79967
-12.06671, 97.85864
-12.2067, 97.92293
-12.3303, 97.97968
-12.46631, 98.04218
-12.6059, 98.10628
-12.72837, 98.16251
-12.86035, 98.22311
-12.99775, 98.28621
-13.1223, 98.3434
-13.25684, 98.40517
-13.3915, 98.46698
-13.50482, 98.51896
-13.64604, 98.58381
-13.78492, 98.64755
-13.90651, 98.70302
-14.0454, 98.76615
-14.18776, 98.83086
-14.30836, 98.88578
-14.44274, 98.94699
-14.58412, 99.01128
-14.70326, 99.06549
-14.8389, 99.12725
-14.97983, 99.19138
-15.10098, 99.24651
-15.23417, 99.30718
-15.37598, 99.37168
-15.49767, 99.42713
-15.63856, 99.49133
-15.78134, 99.5563
-15.91531, 99.61741
-16.043, 99.67559
-16.18224, 99.73913
-16.31371, 99.79905
-16.43656, 99.85509
-16.57739, 99.91925
-16.72076, 99.9847
-16.86047, 100.0488
-17.01694, 100.1207
-17.1728, 100.1922
-17.31033, 100.2553
-17.4664, 100.327
-17.62311, 100.3989
-17.76625, 100.4646
-17.92505, 100.5374
-18.08636, 100.6114
-18.2294, 100.6771
-18.38605, 100.7489
-18.55133, 100.8247
-18.69018, 100.8883
-18.83925, 100.9567
-19.00197, 101.0313
-19.15858, 101.1031
-19.30044, 101.1681
-19.46284, 101.2425
-19.62473, 101.3167
-19.77072, 101.3836
-19.92992, 101.4566
-20.08994, 101.5299
-20.23225, 101.5951
-20.38198, 101.6636
-20.53778, 101.7349
-20.67656, 101.7985
-20.82864, 101.8681
-20.98584, 101.94
-21.13609, 102.0088
-21.28642, 102.0776
-21.44941, 102.1522
-21.60124, 102.2216
-21.74926, 102.2893
-21.91412, 102.3647
-22.07088, 102.4364
-22.21406, 102.5018
-22.37464, 102.5752
-22.52679, 102.6447
-22.66657, 102.7086
-22.82531, 102.7811
-22.97582, 102.8499
-23.12723, 102.9191
-23.28569, 102.9915
-23.44423, 103.0638
-23.58981, 103.1303
-23.74599, 103.2015
-23.89986, 103.2717
-24.04565, 103.3381
-24.20016, 103.4086
-24.35562, 103.4794
-24.49701, 103.5438
-24.65042, 103.6137
-24.80981, 103.6863
-24.95122, 103.7507
-25.10642, 103.8213
-25.26741, 103.8946
-25.41478, 103.9616
-25.57026, 104.0324
-25.70482, 104.0936
-25.71438, 104.0979
-25.71439, 104.0979
-25.71438, 104.0979
-25.71439, 104.0979
-25.71439, 104.0979
-25.71439, 104.0979
-25.71439, 104.0979
-25.71439, 104.0979
-25.71439, 104.0979
-25.7144, 104.0979
-25.71439, 104.0979
-25.71439, 104.0979
-25.71439, 104.0979
-25.71438, 104.0979
-25.71439, 104.0979
-25.71439, 104.0979
-25.71439, 104.098
-25.71439, 104.0979
-25.72657, 104.1034
-25.83164, 104.1504
-25.96984, 104.2123
-26.1066, 104.2737
-26.23379, 104.3307
-26.37192, 104.3927
-26.51171, 104.4555
-26.63805, 104.5123
-26.77378, 104.5734
-26.91256, 104.6358
-27.03722, 104.692
-27.17321, 104.7533
-27.31032, 104.8152
-27.4348, 104.8715
-27.57272, 104.9338
-27.70979, 104.9959
-27.83602, 105.0533
-27.97569, 105.117
-28.05785, 105.1547
-28.07194, 105.1567
-28.19249, 105.1701
-28.34568, 105.1873
-28.48088, 105.2025
-28.62375, 105.2185
-28.77748, 105.2358
-28.91817, 105.2516
-29.06896, 105.2685
-29.22844, 105.2864
-29.3707, 105.3024
-29.5187, 105.319
-29.67576, 105.3366
-29.82416, 105.3533
-29.96114, 105.3688
-30.11252, 105.3858
-30.26696, 105.4031
-30.40572, 105.4187
-30.55343, 105.4353
-30.70804, 105.4527
-30.8489, 105.4686
-30.9974, 105.4853
-31.15358, 105.5029
-31.29391, 105.5187
-31.43665, 105.5348
-31.59863, 105.553
-31.75268, 105.5704
-31.88781, 105.5856
-32.03805, 105.6025
-32.19114, 105.6198
-32.33139, 105.6356
-32.48859, 105.6533
-32.64776, 105.6713
-32.7889, 105.6872
-32.93712, 105.7039
-33.099, 105.7222
-33.25093, 105.7394
-33.38677, 105.7547
-33.53876, 105.7719
-33.69401, 105.7894
-33.83439, 105.8053
-33.98484, 105.8223
-34.14005, 105.8399
-34.2818, 105.8559
-34.4348, 105.8732
-34.59758, 105.8916
-34.74266, 105.9081
-34.88525, 105.9242
-35.06083, 105.944
-35.23637, 105.9639
-35.39745, 105.9822
-35.56813, 106.0016
-35.7372, 106.0207
-35.88797, 106.0378
-36.05741, 106.057
-36.23006, 106.0766
-36.37872, 106.0934
-36.54831, 106.1127
-36.72514, 106.1328
-36.88369, 106.1508
-37.04756, 106.1694
-37.22623, 106.1897
-37.38137, 106.2074
-37.54619, 106.2261
-37.72792, 106.2468
-37.89086, 106.2654
-38.06363, 106.2851
-38.24524, 106.3057
-38.40918, 106.3245
-38.57382, 106.3432
-38.75348, 106.3637
-38.92908, 106.3838
-39.09093, 106.4023
-39.2659, 106.4223
-39.4438, 106.4426
-39.58843, 106.4591
-39.75812, 106.4785
-39.93973, 106.4993
-40.10206, 106.5179
-40.26835, 106.537
-40.44924, 106.5577
-40.61365, 106.5766
-40.77653, 106.5952
-40.95979, 106.6161
-41.13083, 106.6357
-41.2855, 106.6534
-41.458, 106.6733
-41.64138, 106.6944
-41.78959, 106.7115
-41.95871, 106.731
-42.13868, 106.7517
-42.29531, 106.7699
-42.46354, 106.7893
-42.65234, 106.8111
-42.82286, 106.8308
-42.97484, 106.8484
-43.14815, 106.8685
-43.31697, 106.8881
-43.46956, 106.9059
-43.6434, 106.926
-43.80867, 106.9452
-43.96158, 106.9631
-44.13235, 106.9829
-44.30077, 107.0026
-44.45196, 107.0203
-44.62629, 107.0407
-44.79787, 107.0608
-44.94562, 107.0782
-45.1221, 107.0989
-45.29488, 107.1192
-45.44125, 107.1364
-45.61759, 107.1572
-45.79146, 107.1778
-45.9451, 107.196
-46.11881, 107.2166
-46.29507, 107.2375
-46.42883, 107.2535
-46.4538, 107.2565
-46.4538, 107.2565
-46.4538, 107.2565
-46.4538, 107.2565
-46.4538, 107.2565
-46.4538, 107.2565
-46.4538, 107.2565
-46.4538, 107.2565
-46.4538, 107.2565
-46.4538, 107.2565
-46.4538, 107.2565
-46.4538, 107.2565
-46.45382, 107.2565
-46.45382, 107.2564
-46.45382, 107.2564
-46.45382, 107.2565
-46.45383, 107.2565
-46.45383, 107.2564
-46.48459, 107.2602
-46.62397, 107.2776
-46.77028, 107.2958
-46.90337, 107.3124
-47.04761, 107.3302
-47.19762, 107.3487
-47.33321, 107.3654
-47.4809, 107.3834
-47.63684, 107.4023
-47.77023, 107.4181
-47.84631, 107.427
-47.84631, 107.4271
-47.88422, 107.4196
-48.01757, 107.393
-48.1674, 107.3631
-48.30081, 107.3365
-48.44353, 107.308
-48.60304, 107.2761
-48.74027, 107.2487
-48.88132, 107.2205
-49.02914, 107.191
-49.16071, 107.1647
-49.30879, 107.1351
-49.47136, 107.1026
-49.61765, 107.0733
-49.75071, 107.0467
-49.89824, 107.0172
-50.04109, 106.9886
-50.17395, 106.962
-50.32635, 106.9315
-50.48158, 106.9005
-50.61153, 106.8744
-50.76013, 106.8447
-50.91378, 106.8139
-51.04783, 106.7871
-51.19068, 106.7585
-51.34126, 106.7283
-51.47931, 106.7007
-51.62096, 106.6723
-51.76854, 106.6427
-51.90091, 106.6161
-52.04513, 106.5868
-52.20007, 106.5552
-52.33941, 106.5268
-52.48662, 106.4969
-52.64764, 106.4642
-52.79708, 106.4337
-52.93733, 106.4052
-53.08878, 106.3743
-53.23704, 106.3441
-53.36957, 106.3172
-53.51459, 106.2876
-53.66258, 106.2575
-53.79906, 106.2297
-53.94669, 106.1997
-54.09377, 106.1698
-54.23277, 106.1416
-54.38094, 106.1115
-54.52563, 106.082
-54.65786, 106.0551
-54.8093, 106.0243
-54.96383, 105.9929
-55.1034, 105.9645
-55.27419, 105.9295
-55.45595, 105.892
-55.61642, 105.8589
-55.77903, 105.8255
-55.95652, 105.7889
-56.11512, 105.7562
-56.26962, 105.7243
-56.44167, 105.6889
-56.60754, 105.6548
-56.76136, 105.6231
-56.93842, 105.5867
-57.11104, 105.5511
-57.26341, 105.5198
-57.43334, 105.4848
-57.60023, 105.4505
-57.75385, 105.4189
-57.92132, 105.3845
-58.09005, 105.3499
-58.24842, 105.3173
-58.42118, 105.2818
-58.59552, 105.246
-58.7494, 105.2144
-58.91718, 105.18
-59.08791, 105.145
-59.24319, 105.1131
-59.41094, 105.0787
-59.58278, 105.0435
-59.73658, 105.012
-59.90359, 104.9778
-60.08431, 104.9408
-60.25005, 104.9069
-60.40454, 104.8753
-60.57914, 104.8396
-60.74681, 104.8053
-60.90056, 104.7737
-61.07344, 104.7382
-61.23287, 104.7056
-61.38647, 104.6742
-61.5676, 104.6372
-61.73961, 104.6021
-61.89772, 104.5699
-62.07334, 104.5341
-62.25132, 104.4979
-62.4086, 104.4658
-62.57474, 104.432
-62.75214, 104.3959
-62.92733, 104.3603
-63.08875, 104.3275
-63.25851, 104.293
-63.43161, 104.2579
-63.58846, 104.2261
-63.65091, 104.2134
-63.65091, 104.2134
-63.65091, 104.2134
-63.6509, 104.2134
-63.65091, 104.2134
-63.65091, 104.2134
-63.6509, 104.2134
-63.65092, 104.2134
-63.65091, 104.2134
-63.65091, 104.2134
-63.6509, 104.2134
-63.65091, 104.2134
-63.6509, 104.2134
-63.65089, 104.2134
-63.65089, 104.2134
-63.65089, 104.2134
-63.65089, 104.2134
-63.65088, 104.2134
-63.65264, 104.213
-63.74124, 104.1958
-63.89833, 104.1649
-64.03406, 104.1382
-64.1755, 104.1103
-64.32832, 104.0802
-64.46451, 104.0533
-64.6057, 104.0255
-64.76555, 103.9939
-64.91729, 103.9639
-65.0574, 103.9361
-65.2098, 103.9059
-65.36054, 103.8761
-65.49968, 103.8484
-65.65044, 103.8185
-65.80294, 103.7882
-65.94089, 103.7606
-66.08853, 103.7312
-66.24571, 103.6998
-66.38314, 103.6722
-66.53053, 103.6426
-66.6844, 103.6117
-66.82615, 103.583
-66.96749, 103.5544
-67.12157, 103.523
-67.27354, 103.4918
-67.35912, 103.474
-67.3606, 103.4737
-67.44098, 103.4282
-67.56379, 103.3583
-67.69352, 103.2846
-67.83308, 103.2061
-67.94897, 103.1408
-68.07712, 103.0687
-68.21648, 102.9903
-68.34042, 102.9205
-68.47513, 102.8447
-68.62005, 102.763
-68.75328, 102.6879
-68.87873, 102.6172
-69.01332, 102.5414
-69.14783, 102.4655
-69.27027, 102.3965
-69.40489, 102.3207
-69.54442, 102.2419
-69.66787, 102.1723
-69.80151, 102.0969
-69.93918, 102.0193
-70.06209, 101.9499
-70.19328, 101.8759
-70.33082, 101.7981
-70.45274, 101.7293
-70.58034, 101.6574
-70.72757, 101.5742
-70.87547, 101.49
-71.00583, 101.4158
-71.15964, 101.3284
-71.30624, 101.245
-71.44295, 101.1673
-71.60175, 101.077
-71.75266, 100.9913
-71.88944, 100.9135
-72.04057, 100.8276
-72.18571, 100.7451
-72.31163, 100.6736
-72.46044, 100.589
-72.61651, 100.5003
-72.75986, 100.4189
-72.91103, 100.333
-73.07182, 100.2417
-73.21221, 100.162
-73.35887, 100.0787
-73.52113, 99.98651
-73.66905, 99.90254
-73.8158, 99.81924
-73.97196, 99.73055
-74.1289, 99.64147
-74.27007, 99.56137
-74.42695, 99.47234
-74.58463, 99.38284
-74.72034, 99.30583
-74.8742, 99.21854
-75.04133, 99.12373
-75.19712, 99.03537
-75.33227, 98.95876
-75.48074, 98.87454
-75.63125, 98.78923
-75.75909, 98.71677
-75.90401, 98.63458
-76.0509, 98.55132
-76.18887, 98.47312
-76.34341, 98.38553
-76.50324, 98.29484
-76.64134, 98.21642
-76.78423, 98.13532
-76.92906, 98.05328
-77.06635, 97.97556
-77.22132, 97.88778
-77.37952, 97.79817
-77.51421, 97.72189
-77.65901, 97.63988
-77.80671, 97.55632
-77.94064, 97.48051
-78.09073, 97.39555
-78.23854, 97.31192
-78.3388, 97.2552
-78.3467, 97.25074
-78.34672, 97.25075
-78.34671, 97.25075
-78.3467, 97.25076
-78.34669, 97.25077
-78.34669, 97.25076
-78.34669, 97.25076
-78.34669, 97.25077
-78.34668, 97.25076
-78.34668, 97.25077
-78.34668, 97.25077
-78.34668, 97.25077
-78.34669, 97.25078
-78.34668, 97.25078
-78.34668, 97.25076
-78.34667, 97.25076
-78.34668, 97.25074
-78.34668, 97.25074
-78.39064, 97.22606
-78.51987, 97.15404
-78.65692, 97.07766
-78.77127, 97.01389
-78.90018, 96.94199
-79.03545, 96.86659
-79.15656, 96.79901
-79.29504, 96.72173
-79.44347, 96.63887
-79.57563, 96.56507
-79.69713, 96.49722
-79.83755, 96.41884
-79.97988, 96.33936
-80.11024, 96.2665
-80.24815, 96.18942
-80.39687, 96.10629
-80.53617, 96.02841
-80.66113, 95.95851
-80.79408, 95.88416
-80.9285, 95.80894
-81.04265, 95.74504
-81.17367, 95.67174
-81.30275, 95.59949
-81.41735, 95.53528
-81.54955, 95.46126
-81.68286, 95.38652
-81.80309, 95.31913
-81.94556, 95.23935
-82.07874, 95.1647
-82.1966, 95.09856
-82.32504, 95.0265
-82.45523, 94.9534
-82.56995, 94.88893
-82.69676, 94.81767
-82.82424, 94.74599
-82.94753, 94.67663
-83.08485, 94.59938
-83.21332, 94.52702
-83.32745, 94.46272
-83.463, 94.38631
-83.59839, 94.30991
-83.71544, 94.2438
-83.84245, 94.17207
-83.97373, 94.09781
-84.08588, 94.03429
-84.21852, 93.95906
-84.34613, 93.88657
-84.46484, 93.81898
-84.59245, 93.74606
-84.70097, 93.68369
-84.70782, 93.67975
-84.76469, 93.61744
-84.8678, 93.50439
-84.95978, 93.40356
-85.06651, 93.28648
-85.18201, 93.15983
-85.2949, 93.03598
-85.41329, 92.90612
-85.53217, 92.77581
-85.6394, 92.65829
-85.75327, 92.53345
-85.88002, 92.3945
-85.99635, 92.26701
-86.1025, 92.15069
-86.21542, 92.02689
-86.33134, 91.89985
-86.43784, 91.78313
-86.55662, 91.65292
-86.67442, 91.52385
-86.78189, 91.40612
-86.8998, 91.27689
-87.01808, 91.14732
-87.12517, 91.03008
-87.23993, 90.90437
-87.36528, 90.76705
-87.48161, 90.63967
-87.58792, 90.52328
-87.70443, 90.39568
-87.82224, 90.26668
-87.92983, 90.1489
-88.04425, 90.02363
-88.1629, 89.89374
-88.27092, 89.77554
-88.38523, 89.6504
-88.50976, 89.51412
-88.62453, 89.38857
-88.72671, 89.27679
-88.84287, 89.14973
-88.95538, 89.02667
-89.05961, 88.91269
-89.17652, 88.78482
-89.29124, 88.65934
-89.40176, 88.53848
-89.52876, 88.39958
-89.64207, 88.27569
-89.74507, 88.16305
-89.8644, 88.03255
-89.978, 87.90838
-90.08565, 87.7907
-90.20497, 87.66026
-90.32321, 87.53105
-90.42676, 87.41793
-90.54454, 87.28922
-90.65915, 87.16402
-90.7674, 87.04578
-90.87163, 86.93188
-90.88758, 86.91447
-90.88757, 86.91447
-90.88757, 86.91447
-90.88757, 86.91445
-90.88757, 86.91446
-90.88758, 86.91446
-90.88757, 86.91446
-90.88757, 86.91447
-90.88757, 86.91447
-90.88757, 86.91448
-90.88757, 86.91449
-90.88757, 86.9145
-90.88757, 86.91451
-90.88757, 86.91451
-90.88757, 86.91451
-90.88758, 86.9145
-90.88757, 86.91451
-90.88757, 86.91451
-90.90681, 86.89364
-90.99998, 86.79314
-91.09573, 86.68995
-91.20257, 86.57475
-91.29351, 86.47662
-91.39359, 86.36865
-91.50249, 86.25121
-91.59998, 86.146
-91.69941, 86.03874
-91.80682, 85.92283
-91.90141, 85.82076
-92.00489, 85.70912
-92.11838, 85.58662
-92.22128, 85.47552
-92.31754, 85.37158
-92.42123, 85.25964
-92.5251, 85.14748
-92.61817, 85.04694
-92.72077, 84.93613
-92.82402, 84.82453
-92.91798, 84.72304
-93.01968, 84.61322
-93.1264, 84.49792
-93.2305, 84.38546
-93.33652, 84.2709
-93.43971, 84.15938
-93.53418, 84.05723
-93.63297, 83.95042
-93.74164, 83.83289
-93.84428, 83.72189
-93.95277, 83.60455
-94.0668, 83.48119
-94.17033, 83.36914
-94.26035, 83.27171
-94.36591, 83.15746
-94.47941, 83.03487
-94.57602, 82.93046
-94.67908, 82.81905
-94.78935, 82.69972
-94.87865, 82.60315
-94.97886, 82.49464
-95.08505, 82.37951
-95.17385, 82.28318
-95.27434, 82.17421
-95.38358, 82.0557
-95.48248, 81.94846
-95.58564, 81.83657
-95.69364, 81.71938
-95.78085, 81.62466
-95.88307, 81.51366
-95.98956, 81.39797
-96.07964, 81.30006
-96.18655, 81.18381
-96.30927, 81.05035
-96.41374, 80.93658
-96.52722, 80.81306
-96.64702, 80.68263
-96.74958, 80.57085
-96.86471, 80.44541
-96.98804, 80.31091
-97.09673, 80.19223
-97.20969, 80.06879
-97.32714, 79.94038
-97.4304, 79.82732
-97.54207, 79.70502
-97.66254, 79.5729
-97.7743, 79.45007
-97.89424, 79.31813
-98.01688, 79.18281
-98.13379, 79.05309
-98.1734, 79.009
-98.1734, 79.00901
-98.20609, 78.93856
-98.27444, 78.79046
-98.34569, 78.63602
-98.41895, 78.4771
-98.4869, 78.32964
-98.56046, 78.17001
-98.63198, 78.01477
-98.69618, 77.87539
-98.7719, 77.71111
-98.84874, 77.54421
-98.91417, 77.40211
-98.98359, 77.25133
-99.05537, 77.09548
-99.11691, 76.96179
-99.18613, 76.81144
-99.26345, 76.64347
-99.33506, 76.48785
-99.40418, 76.33762
-99.48139, 76.16982
-99.55439, 76.01112
-99.61796, 75.8729
-99.69373, 75.70831
-99.76656, 75.54994
-99.83162, 75.40849
-99.90399, 75.25108
-99.97862, 75.08872
-100.0424, 74.94991
-100.1144, 74.79341
-100.1852, 74.63935
-100.2494, 74.4995
-100.3231, 74.33924
-100.3998, 74.1723
-100.4657, 74.02895
-100.5393, 73.86874
-100.614, 73.70616
-100.6803, 73.5619
-100.7515, 73.4069
-100.8255, 73.2457
-100.8962, 73.09177
-100.9679, 72.93571
-101.0129, 72.83768
-101.0129, 72.83769
-101.0129, 72.83768
-101.0129, 72.83768
-101.0128, 72.83768
-101.0128, 72.83768
-101.0128, 72.8377
-101.0128, 72.8377
-101.0128, 72.83771
-101.0128, 72.83772
-101.0128, 72.83772
-101.0128, 72.83772
-101.0128, 72.83771
-101.0128, 72.83771
-101.0128, 72.83771
-101.0128, 72.8377
-101.0128, 72.8377
-101.0128, 72.8377
-101.0128, 72.83771
-101.0447, 72.76597
-101.106, 72.63004
-101.1647, 72.49966
-101.2287, 72.35776
-101.2896, 72.22279
-101.3479, 72.09361
-101.4095, 71.957
-101.4724, 71.81749
-101.5286, 71.69305
-101.593, 71.55019
-101.6601, 71.40153
-101.7174, 71.27467
-101.7795, 71.13705
-101.8444, 70.99331
-101.9028, 70.86408
-101.9684, 70.71872
-102.0322, 70.57742
-102.0886, 70.45279
-102.1515, 70.31339
-102.2142, 70.17462
-102.2686, 70.05419
-102.333, 69.91168
-102.4049, 69.75246
-102.4703, 69.60797
-102.5224, 69.49267
-102.5866, 69.35062
-102.651, 69.20835
-102.7052, 69.08845
-102.7653, 68.95548
-102.8285, 68.81601
-102.8871, 68.68647
-102.9479, 68.55219
-103.0148, 68.40433
-103.0742, 68.27311
-103.1374, 68.13344
-103.2085, 67.97664
-103.2749, 67.82999
-103.3322, 67.70354
-103.3957, 67.56345
-103.4604, 67.42074
-103.5183, 67.29302
-103.5867, 67.14228
-103.6555, 66.99059
-103.7153, 66.85881
-103.7752, 66.72666
-103.8414, 66.58066
-103.9055, 66.43967
-103.9688, 66.30023
-104.0328, 66.15916
-104.0952, 66.02172
-104.1516, 65.89761
-104.2114, 65.76606
-104.276, 65.62399
-104.3318, 65.50108
-104.3916, 65.36967
-104.4567, 65.22626
-104.5141, 65.10015
-104.5747, 64.96694
-104.6434, 64.81603
-104.7091, 64.67176
-104.7797, 64.5167
-104.857, 64.34696
-104.9257, 64.19641
-104.999, 64.03584
-105.0753, 63.86847
-105.147, 63.71151
-105.2104, 63.57296
-105.2865, 63.40624
-105.3615, 63.24244
-105.4277, 63.09761
-105.4984, 62.94333
-105.5745, 62.7771
-105.639, 62.63668
-105.7136, 62.47401
-105.7934, 62.30054
-105.8629, 62.14921
-105.936, 61.9904
-106.0146, 61.81943
-106.0862, 61.66417
-106.1535, 61.51885
-106.2292, 61.35564
-106.3011, 61.2012
-106.3668, 61.06095
-106.4337, 60.91872
-106.4458, 60.89325
-106.453, 60.82983
-106.4726, 60.65293
-106.4916, 60.48193
-106.5093, 60.32291
-106.5299, 60.13775
-106.5485, 59.9714
-106.5653, 59.82044
-106.5845, 59.64828
-106.6034, 59.47831
-106.6205, 59.32502
-106.6405, 59.14525
-106.6598, 58.97213
-106.6772, 58.81697
-106.6965, 58.64405
-106.7156, 58.47245
-106.7327, 58.31958
-106.7523, 58.14318
-106.7716, 57.97036
-106.7892, 57.81312
-106.8087, 57.63751
-106.8272, 57.4724
-106.8456, 57.30809
-106.865, 57.13449
-106.8845, 56.96045
-106.9018, 56.80575
-106.921, 56.63398
-106.9405, 56.46029
-106.9579, 56.30497
-106.9771, 56.13375
-106.9968, 55.95846
-107.014, 55.80527
-107.0334, 55.63279
-107.053, 55.45804
-107.0702, 55.3048
-107.0897, 55.13153
-107.1026, 55.01654
-107.1026, 55.01654
-107.1026, 55.01654
-107.1026, 55.01654
-107.1026, 55.01654
-107.1026, 55.01654
-107.1026, 55.01654
-107.1025, 55.01654
-107.1025, 55.01654
-107.1025, 55.01654
-107.1025, 55.01654
-107.1025, 55.01654
-107.1026, 55.01654
-107.1026, 55.01654
-107.1026, 55.01654
-107.1026, 55.01654
-107.1026, 55.01654
-107.1025, 55.01654
-107.1028, 55.01429
-107.1164, 54.90245
-107.1317, 54.77537
-107.1495, 54.62713
-107.1691, 54.46369
-107.1857, 54.32511
-107.2034, 54.17757
-107.2235, 54.01011
-107.242, 53.85532
-107.2577, 53.7239
-107.276, 53.57132
-107.2949, 53.41339
-107.3108, 53.27938
-107.3292, 53.1256
-107.3485, 52.96399
-107.3651, 52.82449
-107.3827, 52.67711
-107.4024, 52.51187
-107.4194, 52.36941
-107.437, 52.22116
-107.4566, 52.05699
-107.4745, 51.90674
-107.4906, 51.77109
-107.509, 51.61553
-107.5275, 51.46033
-107.5438, 51.32339
-107.5621, 51.16986
-107.5802, 51.01718
-107.5967, 50.87787
-107.6166, 50.71068
-107.6362, 50.54656
-107.6529, 50.40621
-107.6698, 50.26341
-107.6877, 50.11167
-107.705, 49.96605
-107.7212, 49.82857
-107.7392, 49.67639
-107.7568, 49.52709
-107.7728, 49.39077
-107.7909, 49.2374
-107.8086, 49.08726
-107.8248, 48.94943
-107.8431, 48.79333
-107.8619, 48.63444
-107.8789, 48.49216
-107.8976, 48.33456
-107.9164, 48.17425
-107.9326, 48.03593
-107.95, 47.88784
-107.9686, 47.72828
-107.9847, 47.59085
-108.0019, 47.44378
-108.0198, 47.29092
-108.0357, 47.1543
-108.0531, 47.00513
-108.0715, 46.84753
-108.088, 46.70601
-108.1052, 46.55813
-108.1244, 46.39278
-108.143, 46.23267
-108.1595, 46.09
-108.1794, 45.91904
-108.2001, 45.74042
-108.2191, 45.5764
-108.2392, 45.40232
-108.2593, 45.22767
-108.278, 45.06561
-108.2976, 44.89491
-108.318, 44.71683
-108.3363, 44.55762
-108.356, 44.38539
-108.3764, 44.2067
-108.3946, 44.04731
-108.4146, 43.87123
-108.4362, 43.68153
-108.456, 43.50706
-108.474, 43.34732
-108.4941, 43.16958
-108.5139, 42.99348
-108.5318, 42.83386
-108.5517, 42.65662
-108.5715, 42.47831
-108.5899, 42.31249
-108.6095, 42.13594
-108.6289, 41.95825
-108.6462, 41.79947
-108.666, 41.61774
-108.6867, 41.42389
-108.7041, 41.25808
-108.7182, 41.12008
-108.7193, 41.10873
-108.7159, 41.09135
-108.6895, 40.95828
-108.656, 40.78953
-108.6227, 40.62194
-108.593, 40.47222
-108.5589, 40.30067
-108.5214, 40.11182
-108.4885, 39.94596
-108.4552, 39.77833
-108.4189, 39.59607
-108.3859, 39.42978
-108.3511, 39.25448
-108.3145, 39.07063
-108.2796, 38.89489
-108.2491, 38.74152
-108.2164, 38.57641
-108.1845, 38.41571
-108.1541, 38.26251
-108.1195, 38.08867
-108.0897, 37.9387
-108.0544, 37.76205
-108.0163, 37.57099
-107.9815, 37.39673
-107.9472, 37.22459
-107.9132, 37.05384
-107.8783, 36.8787
-107.8464, 36.71854
-107.8141, 36.55659
-107.7808, 36.38999
-107.7493, 36.23256
-107.7145, 36.05857
-107.6787, 35.87933
-107.6473, 35.72199
-107.6123, 35.54728
-107.5756, 35.36391
-107.5432, 35.2016
-107.5089, 35.03017
-107.4712, 34.84204
-107.4367, 34.6698
-107.4054, 34.51326
-107.37, 34.33654
-107.335, 34.16178
-107.3021, 33.9978
-107.2656, 33.81567
-107.2288, 33.63226
-107.1978, 33.47755
-107.1667, 33.32255
-107.1314, 33.1465
-107.0993, 32.98686
-107.0641, 32.81165
-107.0416, 32.69952
-107.0416, 32.69952
-107.0416, 32.69952
-107.0416, 32.69952
-107.0416, 32.69952
-107.0416, 32.69952
-107.0416, 32.69952
-107.0416, 32.69952
-107.0416, 32.69952
-107.0416, 32.69952
-107.0416, 32.69952
-107.0416, 32.69951
-107.0416, 32.69952
-107.0416, 32.69952
-107.0416, 32.69952
-107.0416, 32.69952
-107.0416, 32.69952
-107.0416, 32.69952
-107.0407, 32.69563
-107.0179, 32.58735
-106.9839, 32.42474
-106.9536, 32.27956
-106.9216, 32.12646
-106.8882, 31.96605
-106.8567, 31.8151
-106.8263, 31.66921
-106.7935, 31.512
-106.7618, 31.36017
-106.7344, 31.22815
-106.7034, 31.07959
-106.6713, 30.92552
-106.6403, 30.77679
-106.6096, 30.6292
-106.5784, 30.47998
-106.5478, 30.33273
-106.5191, 30.19525
-106.4861, 30.03671
-106.4531, 29.87819
-106.425, 29.74252
-106.3931, 29.58947
-106.3589, 29.42532
-106.3295, 29.28404
-106.3005, 29.14411
-106.2689, 28.9924
-106.2437, 28.87076
-106.2138, 28.72691
-106.1824, 28.57565
-106.1554, 28.44561
-106.1232, 28.29039
-106.0906, 28.13285
-106.0575, 27.97364
-106.0273, 27.82795
-105.9955, 27.67434
-105.9659, 27.53087
-105.9347, 27.38029
-105.9022, 27.2229
-105.8706, 27.06971
-105.8423, 26.93279
-105.8105, 26.77857
-105.7793, 26.62707
-105.7512, 26.49057
-105.7222, 26.34938
-105.6916, 26.20017
-105.6623, 26.05714
-105.6299, 25.89929
-105.5984, 25.74558
-105.5705, 25.60916
-105.5368, 25.44446
-105.5018, 25.27317
-105.4697, 25.11606
-105.44, 24.97013
-105.4091, 24.81856
-105.3778, 24.66492
-105.3476, 24.51653
-105.3167, 24.36438
-105.2841, 24.20387
-105.2556, 24.06312
-105.2284, 23.9289
-105.1966, 23.77144
-105.165, 23.61533
-105.1389, 23.48605
-105.109, 23.33749
-105.0783, 23.18539
-105.0515, 23.05177
-105.02, 22.89527
-104.9904, 22.74807
-104.9626, 22.60889
-104.931, 22.45071
-104.899, 22.28954
-104.8715, 22.1494
-104.8417, 21.99721
-104.8102, 21.83467
-104.7826, 21.6909
-104.7629, 21.58565
-104.7529, 21.56516
-104.6807, 21.4384
-104.6041, 21.30422
-104.522, 21.16024
-104.4335, 21.00483
-104.3524, 20.86258
-104.2645, 20.70851
-104.1752, 20.55163
-104.0914, 20.40462
-104.0081, 20.25845
-103.9211, 20.10556
-103.8353, 19.95491
-103.7557, 19.8151
-103.671, 19.66657
-103.5838, 19.51327
-103.4998, 19.36582
-103.4116, 19.21084
-103.3301, 19.06771
-103.2561, 18.93754
-103.1667, 18.78068
-103.0861, 18.63896
-103.002, 18.49119
-102.9109, 18.33128
-102.8298, 18.18878
-102.7517, 18.05146
-102.6612, 17.89228
-102.5803, 17.75004
-102.4985, 17.60617
-102.4045, 17.4409
-102.3189, 17.29041
-102.2405, 17.15269
-102.1548, 17.002
-102.0703, 16.85328
-101.9986, 16.72713
-101.9105, 16.57209
-101.8165, 16.4067
-101.7374, 16.26745
-101.656, 16.12417
-101.5666, 15.96677
-101.4819, 15.81757
-101.3897, 15.65511
-101.289, 15.47771
-101.1945, 15.31136
-101.114, 15.16952
-101.0295, 15.02066
-100.947, 14.87527
-100.8662, 14.73293
-100.7775, 14.57659
-100.6934, 14.42836
-100.6104, 14.28204
-100.5169, 14.11719
-100.4233, 13.95209
-100.3363, 13.7986
-100.2564, 13.65754
-100.1721, 13.50879
-100.0855, 13.35611
-100.0049, 13.2138
-99.9166, 13.0581
-99.83395, 12.91216
-99.75842, 12.7788
-99.67427, 12.63019
-99.58771, 12.47728
-99.50558, 12.33214
-99.4222, 12.18484
-99.33984, 12.03921
-99.2633, 11.90386
-99.17793, 11.75298
-99.0909, 11.59901
-99.01371, 11.46238
-98.93282, 11.31934
-98.84532, 11.16455
-98.76055, 11.0145
-98.6747, 10.86251
-98.59325, 10.71828
-98.52283, 10.59355
-98.44159, 10.4497
-98.35939, 10.30406
-98.28367, 10.16984
-98.21146, 10.04188
-98.12846, 9.8952
-98.04746, 9.751904
-97.9836, 9.638631
-97.9082, 9.50489
-97.82458, 9.356517
-97.74536, 9.215963
-97.6759, 9.09266
-97.59399, 8.947589
-97.50704, 8.793392
-97.43655, 8.668121
-97.34775, 8.51026
-97.25885, 8.352218
-97.17637, 8.205629
-97.08346, 8.040775
-96.99982, 7.892097
-96.92297, 7.755143
-96.83546, 7.599227
-96.74724, 7.441976
-96.66949, 7.303276
-96.64198, 7.254155
-96.64198, 7.254155
-96.64198, 7.254155
-96.64197, 7.254155
-96.64196, 7.254154
-96.64196, 7.254154
-96.64197, 7.254152
-96.64197, 7.254154
-96.64194, 7.254156
-96.64194, 7.254156
-96.64193, 7.254152
-96.64194, 7.254151
-96.64196, 7.25415
-96.64196, 7.254151
-96.64197, 7.254151
-96.64197, 7.254153
-96.64196, 7.254153
-96.63638, 7.244136
-96.56738, 7.118571
-96.49225, 6.98194
-96.42874, 6.866554
-96.35283, 6.728682
-96.27448, 6.586458
-96.20625, 6.46265
-96.13612, 6.335448
-96.05877, 6.195326
-95.98879, 6.068635
-95.91473, 5.934475
-95.84212, 5.803181
-95.77096, 5.674626
-95.67669, 5.504333
-95.58263, 5.334769
-95.49677, 5.180223
-95.41377, 5.031047
-95.32864, 4.878261
-95.24519, 4.728844
-95.17392, 4.601606
-95.08649, 4.446027
-94.99425, 4.283026
-94.9676, 4.236263
-94.96759, 4.236262
-94.91785, 4.190206
-94.81372, 4.09388
-94.69794, 3.986734
-94.58781, 3.884912
-94.49453, 3.798647
-94.38837, 3.700509
-94.27563, 3.596312
-94.17139, 3.499948
-94.06293, 3.399637
-93.95437, 3.299275
-93.85044, 3.203206
-93.73164, 3.093385
-93.62497, 2.994764
-93.51994, 2.897673
-93.4035, 2.79007
-93.28577, 2.681278
-93.17219, 2.576325
-93.04823, 2.461752
-92.91925, 2.342562
-92.80445, 2.236506
-92.69135, 2.13201
-92.57432, 2.023912
-92.46636, 1.924192
-92.36161, 1.827402
-92.24163, 1.716591
-92.12943, 1.612985
-92.0268, 1.518191
-91.91381, 1.413805
-91.80711, 1.315317
-91.70354, 1.219717
-91.58665, 1.111829
-91.48025, 1.013626
-91.37556, 0.9169799
-91.25774, 0.808265
-91.14095, 0.7004897
-91.02269, 0.5913656
-90.9092, 0.4866339
-90.79554, 0.3817658
-90.69763, 0.2914456
-90.59092, 0.1929859
-90.47239, 0.08367084
-90.35589, -0.02376951
-90.23343, -0.1367187
-90.10731, -0.2529932
-89.99046, -0.3607061
-89.88074, -0.4618498
-89.77101, -0.5630227
-89.66084, -0.664289
-89.55544, -0.7607231
-89.43823, -0.8679282
-89.31618, -0.9795247
-89.20822, -1.078255
-89.09901, -1.178019
-88.97833, -1.28855
-88.8699, -1.387496
-88.76745, -1.48104
-88.63961, -1.59807
-88.51302, -1.713562
-88.40414, -1.812498
-88.26135, -1.941693
-88.11973, -2.069833
-87.99277, -2.184974
-87.86837, -2.297844
-87.73414, -2.41959
-87.59872, -2.542456
-87.47368, -2.655924
-87.33873, -2.778389
-87.19993, -2.904423
-87.06775, -3.024494
-86.94116, -3.139451
-86.81226, -3.256483
-86.68634, -3.370917
-86.56244, -3.483503
-86.42168, -3.611404
-86.29269, -3.728632
-86.17889, -3.832078
-86.0509, -3.948444
-85.92469, -4.063252
-85.80054, -4.176198
-85.66837, -4.296402
-85.54096, -4.412389
-85.42991, -4.513451
-85.30046, -4.631306
-85.16998, -4.75009
-85.05772, -4.852341
-84.92916, -4.969427
-84.79656, -5.090206
-84.67644, -5.199689
-84.54352, -5.320855
-84.41607, -5.437069
-84.30266, -5.540492
-84.17284, -5.65889
-84.04568, -5.774954
-83.92898, -5.881464
-83.79592, -6.002843
-83.66232, -6.124807
-83.53788, -6.238498
-83.40414, -6.360665
-83.27177, -6.481687
-83.15498, -6.58851
-83.0225, -6.709539
-82.89394, -6.827108
-82.77988, -6.931541
-82.65572, -7.045246
-82.52729, -7.162951
-82.41149, -7.269126
-82.28519, -7.384953
-82.15609, -7.50346
-82.03236, -7.617063
-81.89593, -7.742349
-81.76476, -7.862908
-81.64907, -7.969354
-81.5183, -8.089691
-81.38457, -8.212867
-81.26838, -8.320065
-81.14417, -8.434752
-81.01096, -8.557897
-80.89423, -8.665929
-80.76987, -8.781211
-80.64048, -8.901452
-80.52691, -9.007332
-80.40119, -9.124961
-80.29917, -9.221105
-80.29455, -9.225479
-80.20425, -9.265789
-80.05204, -9.334472
-79.93531, -9.387208
-79.92315, -9.392708
-79.92316, -9.392708
-79.92316, -9.392705
-79.92316, -9.392705
-79.92316, -9.392708
-79.92315, -9.39271
-79.92315, -9.392709
-79.92316, -9.392711
-79.92315, -9.392709
-79.92314, -9.392708
-79.92313, -9.392708
-79.92314, -9.392707
-79.92314, -9.392708
-79.92315, -9.392708
-79.92315, -9.392709
-79.92315, -9.392709
-79.92315, -9.392709
-79.92315, -9.392709
-79.8789, -9.41335
-79.71938, -9.487201
-79.57836, -9.552325
-79.45213, -9.610608
-79.31413, -9.674361
-79.17172, -9.740088
-79.04746, -9.79743
-78.91066, -9.86059
-78.76838, -9.926295
-78.63556, -9.987573
-78.49306, -10.05334
-78.35036, -10.11916
-78.2232, -10.17784
-78.08273, -10.24267
-77.92339, -10.31624
-77.77759, -10.38351
-77.64541, -10.44448
-77.50119, -10.51109
-77.34106, -10.58517
-77.20657, -10.6474
-77.07386, -10.70868
-76.91417, -10.78232
-76.76947, -10.84905
-76.6403, -10.90859
-76.48121, -10.98217
-76.31771, -11.05773
-76.18939, -11.11687
-76.05094, -11.18064
-75.88837, -11.2556
-75.71463, -11.33594
-75.57468, -11.40063
-75.44676, -11.45956
-75.30708, -11.52385
-75.16636, -11.58861
-75.04102, -11.64629
-74.89718, -11.71251
-74.75475, -11.77804
-74.62582, -11.83734
-74.48419, -11.90234
-74.33327, -11.97046
-74.20325, -12.02943
-74.06728, -12.09104
-73.92269, -12.15651
-73.79455, -12.21468
-73.6531, -12.2789
-73.49787, -12.34944
-73.35094, -12.41598
-73.21352, -12.47831
-73.06465, -12.54556
-72.91592, -12.61301
-72.79607, -12.66751
-72.65547, -12.73138
-72.50409, -12.80013
-72.36594, -12.86286
-72.23987, -12.9202
-72.09515, -12.98612
-71.94799, -13.05299
-71.81435, -13.11367
-71.67342, -13.17785
-71.52839, -13.24383
-71.40064, -13.30196
-71.25277, -13.36905
-71.07758, -13.44784
-70.91228, -13.52224
-70.76554, -13.58831
-70.60227, -13.66179
-70.43273, -13.73815
-70.28283, -13.80568
-70.12004, -13.87901
-69.94194, -13.95925
-69.7784, -14.03299
-69.63642, -14.09703
-69.47734, -14.16876
-69.30782, -14.24524
-69.1582, -14.31276
-68.99548, -14.38618
-68.8194, -14.46565
-68.65657, -14.5392
-68.5051, -14.60762
-68.34058, -14.68189
-68.17299, -14.75765
-68.02564, -14.82429
-67.86366, -14.89754
-67.68583, -14.97797
-67.51974, -15.05313
-67.36955, -15.12112
-67.20678, -15.1948
-67.04238, -15.2693
-66.88988, -15.33843
-66.70317, -15.4227
-66.55004, -15.49183
-66.38259, -15.56785
-66.23031, -15.63698
-66.06643, -15.71142
-65.89603, -15.78886
-65.74918, -15.85565
-65.5874, -15.92925
-65.40887, -16.0105
-65.24277, -16.08618
-65.09501, -16.15353
-64.93181, -16.22796
-64.76131, -16.30576
-64.60985, -16.37493
-64.44615, -16.44962
-64.28327, -16.52387
-64.14211, -16.58823
-63.9815, -16.66171
-63.81277, -16.73916
-63.66447, -16.80731
-63.50267, -16.88173
-63.33436, -16.95926
-63.20139, -17.02062
-63.18337, -17.02894
-63.18338, -17.02894
-63.18338, -17.02894
-63.18337, -17.02894
-63.18338, -17.02894
-63.18338, -17.02894
-63.18338, -17.02894
-63.18338, -17.02894
-63.1834, -17.02894
-63.18341, -17.02894
-63.18341, -17.02894
-63.18341, -17.02894
-63.18341, -17.02894
-63.18341, -17.02894
-63.18341, -17.02894
-63.18341, -17.02894
-63.18341, -17.02894
-63.17415, -17.03323
-63.05384, -17.08994
-62.93615, -17.1455
-62.8018, -17.2088
-62.65711, -17.27685
-62.52183, -17.34027
-62.37629, -17.40818
-62.22623, -17.4775
-62.16762, -17.50429
-62.16763, -17.50429
-62.10546, -17.511
-61.95088, -17.52835
-61.80651, -17.54521
-61.64568, -17.564
-61.4737, -17.58407
-61.31544, -17.60257
-61.17434, -17.61901
-61.01757, -17.6374
-60.85342, -17.65669
-60.71013, -17.67344
-60.55331, -17.69175
-60.38296, -17.71173
-60.22615, -17.72995
-60.07828, -17.7473
-59.93109, -17.76457
-59.78146, -17.78213
-59.63635, -17.79899
-59.48091, -17.81718
-59.32005, -17.83595
-59.17765, -17.85256
-59.02229, -17.87057
-58.85046, -17.89059
-58.6877, -17.90958
-58.54765, -17.9257
-58.38974, -17.944
-58.22882, -17.96272
-58.08647, -17.97911
-57.92607, -17.99761
-57.75555, -18.01739
-57.59364, -18.03599
-57.45056, -18.05245
-57.29478, -18.07032
-57.13558, -18.08866
-56.99647, -18.1046
-56.83986, -18.12253
-56.67138, -18.14198
-56.51588, -18.1597
-56.37385, -18.17599
-56.21552, -18.19405
-56.05307, -18.21275
-55.91352, -18.22852
-55.75562, -18.24673
-55.56263, -18.26955
-55.38243, -18.29083
-55.21956, -18.31006
-55.03889, -18.33142
-54.85328, -18.35333
-54.69139, -18.37243
-54.51531, -18.39317
-54.32008, -18.41616
-54.14443, -18.43685
-53.98235, -18.45591
-53.81292, -18.47586
-53.64137, -18.49603
-53.47809, -18.51521
-53.29712, -18.53652
-53.10283, -18.55936
-52.94541, -18.57796
-52.78255, -18.59736
-52.60863, -18.61788
-52.44587, -18.63693
-52.26516, -18.65807
-52.07254, -18.68061
-51.90205, -18.70053
-51.74163, -18.71922
-51.56627, -18.73966
-51.37872, -18.76153
-51.21168, -18.78098
-51.03093, -18.80205
-50.83266, -18.82511
-50.6468, -18.84671
-50.47486, -18.86669
-50.30001, -18.88704
-50.12846, -18.90691
-49.96783, -18.9255
-49.7927, -18.94574
-49.61266, -18.96655
-49.44699, -18.98568
-49.26717, -19.00643
-49.07013, -19.02913
-48.88586, -19.05036
-48.72441, -19.06891
-48.54504, -19.08954
-48.3584, -19.11094
-48.20168, -19.12887
-48.02652, -19.14892
-47.83915, -19.17035
-47.66741, -19.18999
-47.50693, -19.20831
-47.30988, -19.23103
-47.11437, -19.25363
-46.95667, -19.27164
-46.79047, -19.29047
-46.61751, -19.31006
-46.55174, -19.3175
-46.55174, -19.3175
-46.55174, -19.3175
-46.55174, -19.3175
-46.55174, -19.3175
-46.55174, -19.3175
-46.55174, -19.3175
-46.55175, -19.3175
-46.55175, -19.3175
-46.55175, -19.3175
-46.55175, -19.3175
-46.55175, -19.31751
-46.55175, -19.31751
-46.55175, -19.31751
-46.55175, -19.3175
-46.55176, -19.31751
-46.55176, -19.3175
-46.54725, -19.31799
-46.43171, -19.33028
-46.25247, -19.34886
-46.10518, -19.36416
-45.97007, -19.37822
-45.81492, -19.39442
-45.65987, -19.41063
-45.51143, -19.42622
-45.35957, -19.44214
-45.20732, -19.4582
-45.06584, -19.47317
-44.91064, -19.48961
-44.74206, -19.50752
-44.59298, -19.52339
-44.43731, -19.53998
-44.27494, -19.55736
-44.11271, -19.57483
-43.96707, -19.59056
-43.81566, -19.60694
-43.66394, -19.62348
-43.51784, -19.63947
-43.36763, -19.65594
-43.21364, -19.67298
-43.06675, -19.68936
-42.91568, -19.70632
-42.76268, -19.72371
-42.61745, -19.7405
-42.4659, -19.75838
-42.38123, -19.76878
-42.36306, -19.76503
-42.22775, -19.73692
-42.06137, -19.70239
-41.91872, -19.67282
-41.76085, -19.64007
-41.59481, -19.60563
-41.43935, -19.57337
-41.29173, -19.54277
-41.14256, -19.51181
-41.00186, -19.48267
-40.86908, -19.45516
-40.7165, -19.42356
-40.56161, -19.39146
-40.41682, -19.36148
-40.26919, -19.33091
-40.11697, -19.2994
-39.97401, -19.26983
-39.81802, -19.23754
-39.65758, -19.20439
-39.50913, -19.17371
-39.35729, -19.14229
-39.20378, -19.11052
-39.05524, -19.07983
-38.90752, -19.0493
-38.74211, -19.01512
-38.57032, -18.9796
-38.42695, -18.95
-38.27729, -18.91911
-38.11559, -18.8857
-37.94525, -18.85056
-37.77957, -18.81636
-37.60451, -18.78025
-37.42969, -18.74418
-37.26147, -18.70952
-37.0788, -18.67183
-36.89267, -18.63351
-36.72562, -18.59912
-36.55952, -18.56491
-36.38048, -18.52803
-36.21216, -18.4934
-36.04251, -18.45846
-35.86727, -18.42242
-35.70163, -18.38839
-35.53376, -18.35388
-35.35587, -18.31731
-35.18411, -18.28203
-35.01558, -18.24742
-34.8264, -18.20857
-34.64196, -18.17072
-34.47227, -18.13592
-34.28454, -18.09737
-34.08909, -18.05727
-33.92141, -18.0229
-33.75313, -17.98843
-33.57525, -17.952
-33.40908, -17.918
-33.24075, -17.88354
-33.06211, -17.84699
-32.89247, -17.81231
-32.71073, -17.77514
-32.52176, -17.73654
-32.34715, -17.70086
-32.18156, -17.66703
-32.02304, -17.63463
-31.84161, -17.59762
-31.6649, -17.56157
-31.49073, -17.52607
-31.31537, -17.4903
-31.1407, -17.45475
-30.97524, -17.42111
-30.8022, -17.3859
-30.63167, -17.35127
-30.45693, -17.31577
-30.27294, -17.2784
-30.08451, -17.24017
-29.91141, -17.20508
-29.73884, -17.17009
-29.55378, -17.13257
-29.36531, -17.09444
-29.20849, -17.06274
-29.02946, -17.02645
-28.83877, -16.98777
-28.79193, -16.97828
-28.79193, -16.97828
-28.79192, -16.97827
-28.79192, -16.97828
-28.79192, -16.97828
-28.79193, -16.97828
-28.79193, -16.97827
-28.79193, -16.97827
-28.79193, -16.97828
-28.79193, -16.97827
-28.79192, -16.97827
-28.79192, -16.97827
-28.79193, -16.97827
-28.79192, -16.97827
-28.79193, -16.97828
-28.79193, -16.97827
-28.79193, -16.97827
-28.79193, -16.97827
-28.75607, -16.97144
-28.60063, -16.94169
-28.45452, -16.9136
-28.31604, -16.88695
-28.16075, -16.85705
-28.00403, -16.82686
-27.87879, -16.8027
-27.72818, -16.77364
-27.55822, -16.74078
-27.40582, -16.7113
-27.23948, -16.67915
-27.0745, -16.64725
-26.92772, -16.61878
-26.78954, -16.59195
-26.62229, -16.55949
-26.47169, -16.53024
-26.33081, -16.50289
-26.17074, -16.47177
-26.00809, -16.44013
-25.8695, -16.41306
-25.71117, -16.38209
-25.55493, -16.35149
-25.40285, -16.3216
-25.24878, -16.29136
-25.09583, -16.26131
-24.93629, -16.22987
-24.78674, -16.20037
-24.62819, -16.169
-24.46112, -16.13588
-24.31114, -16.10604
-24.18313, -16.08053
-24.03397, -16.05068
-23.85916, -16.01577
-23.72355, -15.98869
-23.56567, -15.95697
-23.40355, -15.92407
-23.26217, -15.895
-23.09025, -15.8595
-22.92605, -15.8248
-22.886, -15.81607
-22.88277, -15.81428
-22.79042, -15.76278
-22.6535, -15.6863
-22.524, -15.61395
-22.38906, -15.53865
-22.24447, -15.45794
-22.11619, -15.38627
-21.99039, -15.31599
-21.85278, -15.23912
-21.71257, -15.16075
-21.58874, -15.09151
-21.462, -15.0207
-21.32754, -14.94557
-21.20773, -14.87857
-21.07311, -14.80334
-20.94401, -14.73049
-20.81589, -14.65841
-20.659, -14.57071
-20.49732, -14.4803
-20.34354, -14.39428
-20.19111, -14.30904
-20.03949, -14.22421
-19.90991, -14.15172
-19.76118, -14.06857
-19.59754, -13.97699
-19.45217, -13.89563
-19.31053, -13.81638
-19.15147, -13.72736
-18.99145, -13.63777
-18.83522, -13.55029
-18.68399, -13.46562
-18.52363, -13.37579
-18.38403, -13.29756
-18.23897, -13.21632
-18.07611, -13.1251
-17.91802, -13.03651
-17.75969, -12.94779
-17.60244, -12.85969
-17.44131, -12.76936
-17.28916, -12.68402
-17.12656, -12.59289
-16.9662, -12.50299
-16.82043, -12.4212
-16.68204, -12.34357
-16.52394, -12.25485
-16.36629, -12.16638
-16.20916, -12.07818
-16.05021, -11.989
-15.88925, -11.89862
-15.74024, -11.81495
-15.60909, -11.74134
-15.46019, -11.65771
-15.29972, -11.56759
-15.15418, -11.48581
-15.00972, -11.40466
-14.86229, -11.32177
-14.72404, -11.24402
-14.5618, -11.15285
-14.40893, -11.06687
-14.27586, -10.99205
-14.12957, -10.90981
-13.97896, -10.82504
-13.83703, -10.74517
-13.68612, -10.66023
-13.5273, -10.57078
-13.37544, -10.48522
-13.22546, -10.40078
-13.18696, -10.37907
-13.18696, -10.37907
-13.18696, -10.37907
-13.18696, -10.37907
-13.18696, -10.37907
-13.18696, -10.37907
-13.18695, -10.37907
-13.18695, -10.37907
-13.18695, -10.37907
-13.18695, -10.37907
-13.18695, -10.37907
-13.18695, -10.37907
-13.18695, -10.37907
-13.18695, -10.37907
-13.18695, -10.37907
-13.18695, -10.37907
-13.18695, -10.37907
-13.18695, -10.37907
-13.1512, -10.35845
-13.01887, -10.282
-12.87219, -10.19748
-12.75564, -10.13016
-12.63132, -10.05841
-12.49452, -9.979655
-12.37799, -9.912602
-12.2491, -9.83842
-12.11401, -9.760716
-11.99185, -9.690502
-11.85438, -9.611492
-11.71063, -9.528848
-11.57792, -9.452596
-11.46346, -9.386827
-11.33201, -9.311322
-11.19427, -9.232242
-11.07136, -9.161713
-10.93976, -9.08616
-10.80904, -9.011177
-10.68915, -8.942407
-10.53456, -8.853524
-10.39421, -8.772801
-10.2791, -8.706854
-10.14922, -8.632432
-10.01323, -8.554547
-9.886348, -8.481929
-9.751937, -8.405007
-9.611702, -8.324819
-9.487265, -8.253711
-9.359611, -8.18072
-9.221526, -8.101807
-9.092655, -8.028188
-8.957301, -7.950905
-8.815769, -7.870161
-8.687907, -7.797245
-8.560719, -7.72472
-8.418541, -7.643687
-8.29244, -7.571904
-8.170253, -7.50234
-8.029027, -7.422024
-7.889284, -7.34258
-7.751274, -7.264177
-7.611092, -7.184544
-7.477785, -7.108934
-7.36662, -7.045926
-7.240582, -6.974499
-7.095861, -6.89258
-6.954227, -6.812479
-6.812094, -6.732822
-6.671967, -6.654405
-6.538528, -6.58009
-6.404825, -6.504957
-6.247501, -6.41622
-6.084203, -6.324299
-5.932467, -6.239181
-5.784987, -6.156771
-5.624399, -6.067622
